aX,aY,aZ
-1.005,-0.56,0.543
-1.037,-0.512,0.585
-1.057,-0.442,0.585
-1.058,-0.365,0.63
-1.043,-0.324,0.659
-1.014,-0.331,0.667
-1.014,-0.36,0.67
-0.98,-0.381,0.668
-0.956,-0.381,0.661
-0.936,-0.39,0.661
-0.919,-0.384,0.647
-0.909,-0.362,0.636
-0.902,-0.337,0.637
-0.902,-0.319,0.653
-0.902,-0.314,0.665
-0.899,-0.314,0.682
-0.898,-0.298,0.718
-0.894,-0.278,0.718
-0.885,-0.276,0.738
-0.881,-0.272,0.737
-0.887,-0.26,0.74
-0.887,-0.26,0.735
-0.895,-0.26,0.719
-0.901,-0.263,0.719
-0.913,-0.267,0.719
-0.922,-0.268,0.739
-0.932,-0.255,0.768
-0.945,-0.248,0.788
-0.945,-0.241,0.793
-0.954,-0.241,0.773
-0.959,-0.241,0.745
-0.946,-0.267,0.741
-0.922,-0.294,0.741
-0.915,-0.281,0.724
-0.875,-0.238,0.694
-0.799,-0.217,0.665
-0.799,-0.229,0.649
-0.751,-0.26,0.661
-0.723,-0.26,0.684
-0.711,-0.283,0.684
-0.729,-0.278,0.712
-0.76,-0.266,0.727
-0.813,-0.307,0.711
-0.938,-0.415,0.66
-0.904,-0.47,0.612
-0.977,-0.47,0.59
-0.989,-0.427,0.586
-0.939,-0.361,0.586
-0.862,-0.344,0.6
-0.797,-0.367,0.621
-0.742,-0.397,0.647
-0.742,-0.43,0.688
-0.689,-0.43,0.738
-0.649,-0.449,0.796
-0.608,-0.454,0.796
-0.597,-0.431,0.844
-0.629,-0.398,0.855
-0.634,-0.401,0.876
-0.634,-0.399,0.891
-0.631,-0.39,0.873
-0.65,-0.39,0.844
-0.666,-0.387,0.82
-0.674,-0.385,0.82
-0.675,-0.386,0.821
-0.685,-0.372,0.816
-0.714,-0.352,0.786
-0.714,-0.343,0.752
-0.743,-0.343,0.728
-0.765,-0.34,0.693
-0.791,-0.339,0.569
-0.834,-0.343,0.614
-0.867,-0.342,0.557
-0.864,-0.34,0.568
-0.864,-0.346,0.597
-0.85,-0.358,0.628
-0.839,-0.358,0.648
-0.832,-0.365,0.663
-0.829,-0.358,0.663
-0.822,-0.346,0.674
-0.805,-0.333,0.679
-0.78,-0.323,0.693
-0.78,-0.315,0.714
-0.749,-0.315,0.738
-0.724,-0.313,0.755
-0.706,-0.319,0.755
-0.688,-0.327,0.762
-0.669,-0.322,0.77
-0.654,-0.318,0.761
-0.654,-0.321,0.736
-0.643,-0.322,0.716
-0.63,-0.322,0.706
-0.611,-0.329,0.705
-0.59,-0.338,0.705
-0.573,-0.343,0.715
-0.556,-0.35,0.724
-0.542,-0.358,0.728
-0.542,-0.361,0.73
-0.531,-0.361,0.732
-0.528,-0.357,0.731
-0.526,-0.354,0.731
-0.521,-0.353,0.726
-0.52,-0.351,0.73
-0.526,-0.35,0.737
-0.526,-0.353,0.738
-0.535,-0.36,0.737
-0.549,-0.36,0.739
-0.562,-0.365,0.739
-0.572,-0.37,0.739
-0.578,-0.379,0.737
-0.584,-0.385,0.732
-0.589,-0.384,0.733
-0.589,-0.383,0.732
-0.587,-0.383,0.722
-0.58,-0.384,0.714
-0.573,-0.384,0.714
-0.564,-0.375,0.715
-0.546,-0.37,0.718
-0.524,-0.376,0.719
0.113,-0.788,1.007
0.11,-0.782,1.031
0.11,-0.778,1.051
0.106,-0.779,1.073
0.104,-0.779,1.098
0.106,-0.777,1.117
0.113,-0.778,1.117
0.12,-0.784,1.129
0.127,-0.806,1.125
0.139,-0.834,1.115
0.139,-0.847,1.118
0.146,-0.847,1.127
0.149,-0.853,1.14
0.145,-0.849,1.14
0.141,-0.844,1.148
0.138,-0.843,1.152
0.13,-0.835,1.155
0.005,-0.826,1.154
0.117,-0.82,1.151
0.103,-0.82,1.141
0.088,-0.821,1.129
0.07,-0.825,1.129
0.052,-0.824,1.118
0.037,-0.813,1.11
0.019,-0.797,1.108
0.019,-0.787,1.103
0.001,-0.787,1.092
-0.012,-0.784,1.08
-0.024,-0.781,1.08
-0.041,-0.773,1.066
-0.053,-0.765,1.057
-0.067,-0.758,1.05
-0.067,-0.753,1.046
-0.083,-0.748,1.043
-0.096,-0.748,1.037
-0.113,-0.744,1.031
-0.129,-0.743,1.031
-0.138,-0.75,1.025
-0.143,-0.755,1.017
-0.143,-0.756,1.011
-0.148,-0.76,1.022
-0.144,-0.635,1.042
-0.133,-0.749,1.055
-0.128,-0.728,1.055
-0.123,-0.711,1.067
-0.122,-0.7,1.075
-0.133,-0.699,1.067
-0.133,-0.704,1.051
-0.149,-0.697,1.034
-0.166,-0.697,1.049
-0.169,-0.606,1.049
-0.155,-0.59,1.068
-0.136,-0.698,1.054
-0.131,-0.708,1.042
-0.14,-0.697,1.033
-0.14,-0.729,1.027
-0.148,-0.729,1.034
-0.153,-0.735,1.041
-0.153,-0.729,1.041
-0.145,-0.712,1.051
-0.124,-0.669,1.054
-0.066,-0.624,1.084
-0.066,-0.635,1.112
-0.018,-0.635,1.089
-0.014,-0.637,1.071
-0.019,-0.613,1.065
-0.03,-0.607,1.065
-0.052,-0.601,1.039
-0.081,-0.606,1.013
-0.081,-0.612,1.001
-0.106,-0.611,0.997
-0.121,-0.611,0.995
-0.127,-0.606,0.995
-0.121,-0.591,0.995
-0.109,-0.571,1.002
-0.093,-0.549,1.006
-0.074,-0.531,1.001
-0.074,-0.52,0.996
-0.063,-0.52,0.992
-0.061,-0.507,0.986
-0.066,-0.49,0.986
-0.076,-0.475,0.98
-0.084,-0.457,0.971
-0.091,-0.433,0.961
-0.091,-0.408,0.951
-0.094,-0.386,0.938
-0.094,-0.386,0.93
-0.093,-0.364,0.923
-0.093,-0.34,0.923
-0.093,-0.316,0.915
-0.093,-0.298,0.907
-0.096,-0.283,0.903
-0.096,-0.269,0.899
-0.098,-0.269,0.893
-0.097,-0.255,0.891
-0.094,-0.245,0.891
-0.091,-0.241,0.891
-0.083,-0.237,0.89
-0.071,-0.231,0.886
-0.071,-0.228,0.877
-0.059,-0.228,0.868
-0.046,-0.231,0.861
-0.03,-0.235,0.855
-0.018,-0.237,0.855
-0.003,-0.24,0.846
0.015,-0.234,0.837
0.015,-0.222,0.83
0.026,-0.208,0.824
0.032,-0.208,0.815
0.041,-0.192,0.809
0.049,-0.176,0.809
0.055,-0.156,0.808
0.061,-0.137,0.808
0.066,-0.123,0.809
0.066,-0.113,0.813
0.069,-0.109,0.817
0.071,-0.109,0.823
0.075,-0.112,0.823
0.083,-0.122,0.834
0.126,0.779,1.503
0.117,0.95,1.503
0.09,0.912,1.523
0.03,0.743,1.554
-0.059,0.512,1.582
-0.059,0.301,1.549
-0.148,0.125,1.472
-0.211,0.125,1.419
-0.234,0.008,1.419
-0.214,-0.055,1.429
-0.167,-0.083,1.483
-0.106,-0.085,1.529
-0.106,-0.07,1.535
-0.038,-0.052,1.497
0.028,-0.052,1.429
0.09,-0.023,1.322
0.128,0.015,1.322
0.139,0.041,1.195
0.144,0.053,1.097
0.145,0.055,1.012
0.145,0.043,0.929
0.138,0.026,0.861
0.126,0.026,0.805
0.117,0.012,0.805
0.112,0.003,0.759
0.106,0.008,0.727
0.101,0.024,0.704
0.101,0.044,0.691
0.099,0.066,0.678
0.099,0.066,0.659
0.093,0.086,0.659
0.081,0.102,0.642
0.071,0.116,0.63
0.061,0.122,0.62
0.061,0.121,0.61
0.051,0.121,0.616
0.047,0.121,0.638
0.05,0.122,0.667
0.056,0.122,0.667
0.058,0.122,0.698
0.06,0.109,0.72
0.06,0.084,0.741
0.066,0.061,0.77
0.071,0.061,0.805
0.075,0.042,0.842
0.08,0.026,0.842
0.084,0.013,0.878
0.087,0.005,0.914
0.087,-0.003,0.947
0.091,-0.012,0.988
0.098,-0.012,1.036
0.106,-0.015,1.064
0.106,-0.013,1.064
0.105,-0.022,1.074
0.106,-0.04,1.081
0.104,-0.059,1.08
0.104,-0.077,1.077
0.108,-0.077,1.098
0.119,-0.08,1.129
0.125,-0.073,1.142
0.128,-0.063,1.142
0.132,-0.055,1.138
0.139,-0.048,1.131
0.139,-0.043,1.127
0.149,-0.041,1.128
0.161,-0.041,1.132
0.175,-0.039,1.134
0.187,-0.028,1.134
0.196,-0.017,1.13
0.203,-0.011,1.122
0.209,-0.005,1.115
0.209,0.006,1.112
0.21,0.006,1.109
0.207,0.021,1.1
0.202,0.034,1.1
0.193,0.041,1.084
0.181,0.045,1.07
0.169,0.052,1.059
0.169,0.061,1.047
0.158,0.061,1.038
0.145,0.073,1.031
0.133,0.085,1.031
0.121,0.098,1.021
0.11,0.11,1.014
0.1,0.122,1.008
0.1,0.132,1.003
0.09,0.132,1
0.081,0.142,0.997
0.069,0.162,0.997
0.057,0.191,0.989
0.045,0.215,0.976
0.033,0.222,0.962
0.033,0.211,0.951
0.02,0.211,0.944
0.011,0.199,0.936
0.006,0.191,0.934
0.009,0.186,0.934
0.016,0.182,0.934
0.026,0.179,0.935
0.026,0.178,0.936
0.038,0.178,0.937
0.049,0.178,0.936
0.059,0.182,0.933
0.065,0.187,0.933
0.066,0.192,0.928
0.065,0.199,0.925
0.065,0.206,0.922
0.064,0.212,0.924
0.064,0.212,0.931
0.062,0.215,0.934
0.06,0.215,0.934
0.059,0.211,0.936
0.06,0.203,0.942
0.062,0.193,0.947
0.062,0.179,0.952
0.067,0.163,0.962
0.074,0.163,0.971
0.084,0.142,0.971
0.093,0.122,0.978
0.109,0.599,1.762
0.066,0.996,1.762
-0.018,1.222,2.071
-0.138,1.111,2.164
-0.282,0.785,2.09
-0.282,0.411,1.933
-0.409,0.036,1.732
-0.488,0.106,1.541
-0.496,-0.096,1.416
-0.445,-0.203,1.389
-0.357,-0.225,1.291
-0.252,-0.179,1.24
-0.252,-0.1,1.211
-0.14,0,1.194
-0.036,0,1.172
0.051,0.086,1.118
0.119,0.139,1.118
0.165,0.181,1.052
0.196,0.219,0.994
0.207,0.249,0.937
0.207,0.259,0.875
0.192,0.259,0.822
0.163,0.244,0.792
0.13,0.218,0.792
0.107,0.195,0.821
0.1,0.18,0.893
0.084,0.172,0.917
0.084,0.182,0.882
0.043,0.182,0.836
-0.01,0.205,0.806
-0.047,0.22,0.806
-0.062,0.218,0.808
-0.061,0.208,0.84
-0.047,0.199,0.876
-0.029,0.191,0.904
-0.029,0.186,0.925
-0.011,0.186,0.942
0.004,0.185,0.953
0.015,0.177,0.953
0.024,0.163,0.962
0.026,0.153,0.978
0.015,0.155,0.997
0.015,0.164,1.008
-0.004,0.164,1.01
-0.019,0.172,1.013
-0.029,0.181,1.013
-0.033,0.19,1.017
-0.033,0.198,1.022
-0.034,0.204,1.03
-0.034,0.208,1.04
-0.034,0.208,1.046
-0.033,0.211,1.047
-0.031,0.211,1.05
-0.031,0.208,1.05
-0.034,0.205,1.056
-0.036,0.201,1.06
-0.039,0.195,1.066
-0.039,0.187,1.069
-0.041,0.187,1.075
-0.045,0.177,1.079
-0.05,0.161,1.079
-0.06,0.141,1.079
-0.07,0.121,1.078
-0.079,0.1,1.076
-0.079,0.079,1.071
-0.085,0.064,1.065
-0.086,0.064,1.059
-0.084,0.055,1.059
-0.078,0.049,1.054
-0.069,0.041,1.048
-0.06,0.037,1.039
-0.06,0.033,1.03
-0.047,0.029,1.021
-0.033,0.029,1.01
-0.021,0.024,0.885
-0.008,0.016,0.997
0.006,0.005,0.987
0.02,-0.004,0.978
0.02,-0.012,0.972
0.034,-0.018,0.967
0.049,-0.018,0.96
0.066,-0.02,0.953
0.08,-0.021,0.953
0.092,-0.022,0.945
0.099,-0.026,0.933
0.099,-0.029,0.914
0.099,-0.031,0.895
0.096,-0.031,0.885
0.092,-0.037,0.877
0.085,-0.05,0.877
0.076,-0.062,0.874
0.066,-0.07,0.868
0.061,-0.076,0.861
0.061,-0.082,0.858
0.055,-0.087,0.857
0.053,-0.087,0.857
0.054,-0.088,0.86
0.058,-0.089,0.86
0.063,-0.093,0.865
0.071,-0.098,0.871
0.071,-0.115,0.875
0.082,-0.135,0.875
0.092,-0.135,0.873
0.099,-0.15,0.872
0.1,-0.171,0.872
0.102,-0.2,0.873
0.113,-0.268,0.878
0.238,-0.439,0.882
0.127,-0.404,0.863
0.1,-0.254,0.851
0.076,-0.254,0.866
0.09,-0.268,0.991
0.102,-0.28,0.878
0.125,-0.286,0.893
0.161,-0.294,0.911
0.161,-0.304,0.914
0.191,-0.31,0.907
0.207,-0.31,0.895
0.209,-0.311,0.886
-0.059,0.79,1.419
-0.059,0.784,1.443
-0.147,0.659,1.464
-0.253,0.701,1.478
-0.348,0.559,1.478
-0.416,0.399,1.482
-0.452,0.248,1.457
-0.458,0.124,1.406
-0.458,0.042,1.354
-0.436,-0.013,1.309
-0.383,-0.013,1.28
-0.306,-0.046,1.266
-0.216,-0.056,1.266
-0.127,-0.043,1.258
-0.05,-0.016,1.23
0.009,0.014,1.169
0.009,0.031,1.101
0.049,0.042,1.056
0.074,0.042,1.028
0.087,0.051,1.028
0.089,0.054,1.001
0.084,0.058,0.972
0.069,0.066,0.943
0.069,0.053,0.889
0.045,0.028,0.83
0.028,0.028,0.802
0.022,0.019,0.802
0.024,0.012,0.785
0.037,0.008,0.774
0.058,0.01,0.773
0.058,0.015,0.78
0.083,0.018,0.787
0.107,0.018,0.795
0.13,0.017,0.806
0.153,0.014,0.806
0.172,0.017,0.819
0.184,0.024,0.836
0.184,0.034,0.849
0.188,0.045,0.854
0.182,0.045,0.868
0.17,0.06,0.887
0.159,0.078,0.887
0.146,0.097,0.913
0.138,0.119,0.949
0.138,0.146,0.996
0.14,0.171,1.035
0.136,0.171,1.057
0.121,0.189,1.079
0.102,0.2,1.079
0.08,0.202,1.103
0.05,0.199,1.124
0.021,0.197,1.144
0.021,0.194,1.168
-0.005,0.195,1.195
-0.031,0.195,1.218
-0.056,0.196,1.218
-0.077,0.196,1.237
-0.096,0.197,1.255
-0.113,0.203,1.272
-0.238,0.209,1.291
-0.127,0.201,1.299
-0.141,0.201,1.292
-0.153,0.179,1.28
-0.161,0.158,1.28
-0.161,0.143,1.268
-0.155,0.133,1.254
-0.145,0.123,1.24
-0.145,0.11,1.226
-0.131,0.11,1.218
-0.112,0.104,1.208
-0.097,0.109,1.208
-0.077,0.113,1.198
-0.052,0.116,1.191
-0.038,0.114,1.166
-0.038,0.111,1.125
-0.031,0.117,1.097
-0.022,0.117,1.08
-0.01,0.126,1.063
0.001,0.129,1.063
0.011,0.131,1.043
0.021,0.133,1.022
0.021,0.129,1.003
0.033,0.122,0.985
0.04,0.122,0.967
0.046,0.112,0.949
0.053,0.096,0.949
0.059,0.081,0.935
0.061,0.07,0.926
0.066,0.064,0.919
0.066,0.054,0.915
0.076,0.054,0.91
0.077,0.039,0.88
0.063,0.019,0.88
0.057,0.008,0.852
0.065,0,0.847
0.072,-0.019,0.838
0.072,-0.033,0.829
0.081,-0.033,0.829
0.096,-0.044,0.833
0.109,-0.054,0.833
0.12,-0.064,0.834
0.127,-0.073,0.835
0.129,-0.081,0.833
0.129,-0.095,0.83
0.13,-0.114,0.828
0.129,-0.114,0.827
0.13,-0.136,0.83
0.127,-0.154,0.83
0.121,-0.168,0.83
0.112,-0.177,0.825
0.105,-0.182,0.824
0.105,-0.188,0.828
0.102,-0.188,0.83
0.095,-0.196,0.828
0.089,-0.203,0.828
0.087,-0.206,0.827
0.081,-0.214,0.828
0.073,-0.223,0.82
0.073,-0.226,0.81
0.122,1.803,1.907
0.1,1.803,2.153
-0.048,1.769,2.182
-0.246,1.288,2.182
-0.451,0.703,2.012
-0.63,0.246,1.753
-0.748,-0.031,1.494
-0.748,-0.161,1.296
-0.788,-0.207,1.177
-0.752,-0.207,1.135
-0.654,-0.224,1.135
-0.508,-0.222,1.154
-0.337,-0.19,1.199
-0.173,-0.119,1.234
-0.048,-0.04,1.228
-0.034,0.022,1.177
0.078,0.022,1.113
0.157,0.063,1.059
0.212,0.084,1.059
0.247,0.09,1.008
0.257,0.092,0.957
0.245,0.1,0.914
0.245,0.118,0.869
0.218,0.118,0.827
0.183,0.146,0.773
0.158,0.149,0.649
0.139,0.117,0.7
0.126,0.095,0.644
0.122,0.092,0.623
0.122,0.092,0.629
0.12,0.092,0.655
0.118,0.092,0.699
0.118,0.092,0.771
0.116,0.1,0.771
0.102,0.128,0.876
0.072,0.158,0.951
0.036,0.17,0.961
0.036,0.178,0.951
0.005,0.178,0.943
-0.019,0.189,0.945
-0.037,0.197,0.945
-0.042,0.197,0.961
-0.038,0.191,0.988
-0.032,0.182,1.02
-0.032,0.168,1.047
-0.025,0.155,1.068
-0.022,0.155,1.095
-0.028,0.152,1.22
-0.043,0.169,1.133
-0.07,0.191,1.179
-0.107,0.186,1.2
-0.107,0.156,1.193
-0.136,0.129,1.179
-0.152,0.129,1.173
-0.158,0.118,1.176
-0.157,0.116,1.176
-0.149,0.111,1.176
-0.133,0.101,1.17
-0.114,0.084,1.161
-0.114,0.064,1.151
-0.095,0.064,1.14
-0.075,0.047,1.126
-0.054,0.034,1.001
-0.039,0.023,1.107
-0.026,0.016,1.087
-0.016,0.014,1.07
-0.016,0.016,1.052
-0.005,0.015,1.037
0.004,0.015,1.021
0.012,0.012,1.005
0.023,0.012,1.005
0.034,0.01,0.991
0.043,0.005,0.976
0.052,-0.001,0.961
0.052,-0.009,0.948
0.058,-0.009,0.934
0.061,-0.015,0.923
0.063,-0.018,0.923
0.062,-0.022,0.915
0.061,-0.025,0.909
0.057,-0.021,0.905
0.057,-0.017,0.9
0.051,-0.012,0.895
0.045,-0.012,0.895
0.04,-0.008,0.895
0.035,-0.005,0.894
0.033,-0.005,0.895
0.029,-0.005,0.894
0.029,-0.007,0.894
0.024,-0.007,0.897
0.02,-0.007,0.902
0.017,-0.007,0.907
0.016,-0.006,0.907
0.015,-0.007,0.912
0.015,-0.008,0.915
0.015,-0.011,0.917
0.019,-0.017,0.921
0.02,-0.017,0.921
0.02,-0.027,0.918
0.019,-0.042,0.918
0.017,-0.061,0.916
0.018,-0.077,0.917
0.016,-0.091,0.918
0.016,-0.108,0.919
0.016,-0.108,0.92
0.018,-0.12,0.919
0.019,-0.131,0.919
0.02,-0.141,0.918
0.021,-0.146,0.915
0.023,-0.152,0.911
0.023,-0.157,0.91
0.024,-0.159,0.911
0.026,-0.159,0.91
0.03,-0.157,0.909
0.033,-0.153,0.909
0.038,-0.151,0.911
0.044,-0.153,0.914
0.05,-0.156,0.918
0.05,-0.159,0.928
-0.124,1.273,1.526
-0.124,1.508,1.702
-0.206,1.339,1.683
-0.305,1.339,1.774
-0.421,0.991,1.873
-0.543,0.631,1.873
-0.63,0.407,1.787
-0.665,0.312,1.578
-0.645,0.227,1.389
-0.645,0.124,1.301
-0.58,0.124,1.302
-0.491,0.04,1.335
-0.398,0.01,1.335
-0.327,0.036,1.288
-0.247,0.073,1.189
-0.139,0.113,1.101
-0.014,0.157,0.988
-0.053,0.18,0.882
0.001,0.18,0.815
0.054,0.186,0.815
0.102,0.18,0.761
0.13,0.17,0.713
0.14,0.158,0.679
0.14,0.138,0.661
0.139,0.105,0.654
0.135,0.105,0.635
0.13,0.069,0.6
0.118,0.05,0.6
0.111,0.022,0.588
0.106,0.009,0.597
0.099,0.023,0.604
0.099,0.035,0.617
0.094,0.035,0.632
0.091,0.046,0.661
0.096,0.048,0.661
0.105,0.047,0.709
0.108,0.053,0.759
0.101,0.067,0.808
0.101,0.086,0.858
0.087,0.086,0.91
0.066,0.105,0.98
0.045,0.129,0.98
0.03,0.155,1.078
-0.014,0.167,1.141
-0.076,0.151,1.149
-0.076,0.117,1.142
-0.119,0.077,1.129
-0.141,0.077,1.118
-0.148,0.043,1.118
-0.149,0.03,1.123
-0.149,0.028,1.139
-0.143,0.021,1.153
-0.136,0.005,1.162
-0.136,-0.016,1.165
-0.13,-0.016,1.155
-0.123,-0.04,1.135
-0.122,-0.059,1.135
-0.119,-0.07,1.114
-0.115,-0.072,1.097
-0.111,-0.068,1.083
-0.111,-0.06,1.074
-0.105,-0.047,1.067
-0.095,-0.047,1.058
-0.08,-0.041,1.045
-0.063,-0.041,1.045
-0.043,-0.044,1.032
-0.02,-0.051,1.017
-0.02,-0.055,1.004
0,-0.058,0.992
0.016,-0.058,0.979
0.029,-0.057,0.969
0.039,-0.055,0.969
0.043,-0.053,0.96
0.044,-0.051,0.95
0.044,-0.05,0.939
0.047,-0.05,0.93
0.048,-0.053,0.925
0.045,-0.053,0.921
0.045,-0.054,0.921
0.044,-0.053,0.919
0.046,-0.052,0.92
0.048,-0.049,0.923
0.048,-0.046,0.926
0.047,-0.045,0.931
0.046,-0.045,0.939
0.044,-0.045,0.939
0.042,-0.049,0.945
0.04,-0.053,0.952
0.037,-0.058,0.958
0.037,-0.066,0.961
0.035,-0.077,0.965
0.034,-0.077,0.968
0.033,-0.091,0.969
0.029,-0.107,0.969
0.026,-0.121,0.969
0.02,-0.131,0.97
0.014,-0.142,0.968
0.014,-0.152,0.962
0.008,-0.152,0.96
0.002,-0.157,0.962
0.001,-0.158,0.962
-0.002,-0.158,0.963
-0.005,-0.156,0.965
-0.005,-0.154,0.969
-0.005,-0.15,0.973
-0.003,-0.149,0.976
-0.004,-0.149,0.979
-0.004,-0.147,0.98
-0.003,-0.142,0.98
-0.005,-0.138,0.98
-0.005,-0.133,0.981
-0.005,-0.129,0.983
-0.005,-0.125,0.987
-0.005,-0.125,0.992
0,-0.121,0.995
0,-0.122,0.995
0,-0.126,0.995
0.001,-0.132,0.996
0.006,-0.14,0.997
0.027,1.23,1.682
0.016,1.542,1.631
-0.012,1.345,1.631
-0.096,0.949,1.717
-0.232,0.531,1.878
-0.372,0.258,1.811
-0.372,0.203,1.607
-0.47,0.203,1.494
-0.514,0.183,1.514
-0.503,0.04,1.514
-0.453,-0.098,1.572
-0.376,-0.133,1.587
-0.268,-0.093,1.554
-0.268,-0.016,1.475
-0.137,0.074,1.33
-0.023,0.074,1.156
0.061,0.152,1.019
0.131,0.201,1.019
0.182,0.208,0.924
0.2,0.202,0.849
0.2,0.208,0.793
0.188,0.223,0.774
0.156,0.223,0.753
0.12,0.222,0.713
0.096,0.2,0.713
0.08,0.194,0.697
0.064,0.204,0.709
0.058,0.207,0.711
0.058,0.197,0.692
0.063,0.197,0.681
0.069,0.19,0.677
0.073,0.185,0.677
0.073,0.178,0.676
0.074,0.18,0.696
0.076,0.185,0.731
0.076,0.195,0.769
0.074,0.209,0.813
0.064,0.209,0.857
0.048,0.219,0.982
0.026,0.221,0.903
0,0.221,0.954
-0.032,0.226,1.034
-0.032,0.223,1.128
-0.074,0.184,1.188
-0.123,0.184,1.201
-0.162,0.122,1.187
-0.173,0.066,1.187
-0.163,0.034,1.171
-0.143,0.029,1.164
-0.126,0.038,1.16
-0.126,0.045,1.153
-0.116,0.045,1.139
-0.106,0.045,1.12
-0.099,0.035,1.12
-0.089,0.017,1.101
-0.079,0,1.081
-0.069,-0.009,1.06
-0.069,-0.011,1.039
-0.061,-0.005,1.019
-0.053,-0.005,1.003
-0.044,0,0.878
-0.035,0.003,0.991
-0.021,0.003,0.975
-0.007,0,0.957
-0.007,-0.003,0.944
0.008,-0.007,0.927
0.022,-0.007,0.908
0.032,-0.009,0.892
0.041,-0.007,0.892
0.048,-0.007,0.875
0.055,-0.01,0.86
0.055,-0.011,0.85
0.061,-0.014,0.843
0.069,-0.014,0.837
0.078,-0.019,0.837
0.081,-0.023,0.837
0.086,-0.027,0.836
0.093,-0.029,0.838
0.096,-0.028,0.846
0.096,-0.028,0.854
0.094,-0.028,0.863
0.092,-0.029,0.874
0.089,-0.028,0.999
0.081,-0.029,0.884
0.073,-0.031,0.895
0.065,-0.033,0.903
0.065,-0.039,0.909
0.054,-0.045,0.916
0.045,-0.045,0.924
0.036,-0.053,0.933
0.024,-0.066,0.933
0.017,-0.077,0.94
0.011,-0.087,0.946
0.003,-0.097,0.952
0.003,-0.106,0.957
-0.002,-0.106,0.963
-0.004,-0.115,0.971
-0.006,-0.121,0.971
-0.003,-0.126,0.977
0.004,-0.128,0.982
0.01,-0.128,0.985
0.01,-0.133,0.986
0.017,-0.133,0.985
0.026,-0.138,0.984
0.034,-0.14,0.984
0.039,-0.143,0.982
0.046,-0.149,0.979
0.051,-0.152,0.975
0.051,-0.151,0.969
0.054,-0.151,0.963
0.054,-0.151,0.956
0.05,-0.148,0.951
0.043,-0.143,0.951
0.036,-0.141,0.946
0.033,-0.144,0.939
0.028,-0.152,0.933
0.028,-0.16,0.93
0.023,-0.171,0.931
0.021,-0.171,0.931
0.015,1.163,1.628
-0.032,1.39,1.853
-0.032,1.203,1.87
-0.102,0.849,1.955
-0.215,0.849,2.057
-0.345,0.462,2.02
-0.463,0.175,2.02
-0.535,0.061,1.844
-0.549,0.043,1.651
-0.509,0.004,1.534
-0.509,-0.058,1.487
-0.439,-0.058,1.465
-0.347,-0.108,1.444
-0.229,-0.1,1.444
-0.102,-0.016,1.397
-0.01,0.093,1.258
0.048,0.178,1.08
0.048,0.226,0.941
0.095,0.236,0.828
0.125,0.236,0.74
0.136,0.216,0.683
0.131,0.187,0.683
0.114,0.178,0.661
0.089,0.175,0.65
0.07,0.149,0.621
0.07,0.129,0.601
0.066,0.129,0.612
0.073,0.134,0.627
0.085,0.139,0.627
0.098,0.138,0.632
0.109,0.139,0.641
0.113,0.142,0.653
0.113,0.146,0.674
0.109,0.145,0.7
0.105,0.145,0.727
0.102,0.142,0.852
0.096,0.148,0.753
0.082,0.16,0.785
0.067,0.17,0.828
0.067,0.183,0.877
0.052,0.192,0.927
0.034,0.192,0.969
0.014,0.197,1.01
-0.006,0.193,1.01
-0.031,0.183,1.051
-0.056,0.165,1.084
-0.056,0.143,1.112
-0.081,0.12,1.135
-0.106,0.12,1.16
-0.131,0.101,1.197
-0.152,0.093,1.197
-0.171,0.084,1.234
-0.192,0.067,1.236
-0.203,0.05,1.208
-0.203,0.042,1.184
-0.196,0.043,1.165
-0.182,0.043,1.147
-0.167,0.052,1.147
-0.148,0.057,1.138
-0.126,0.059,1.131
-0.106,0.059,1.114
-0.106,0.055,1.091
-0.086,0.053,1.067
-0.067,0.053,1.041
-0.054,0.051,1.041
-0.044,0.051,1.016
-0.038,0.059,0.993
-0.031,0.067,0.973
-0.024,0.075,0.954
-0.024,0.078,0.938
-0.017,0.078,0.922
-0.009,0.076,0.906
0,0.073,0.906
0.011,0.069,0.892
0.022,0.064,0.88
0.033,0.057,0.869
0.033,0.049,0.858
0.043,0.049,0.853
0.05,0.042,0.848
0.055,0.037,0.848
0.057,0.035,0.843
0.057,0.034,0.843
0.057,0.036,0.842
0.057,0.036,0.844
0.053,0.033,0.846
0.052,0.033,0.848
0.05,0.026,0.848
0.047,0.015,0.853
0.044,0.002,0.856
0.041,-0.014,0.859
0.041,-0.031,0.863
0.039,-0.049,0.869
0.037,-0.049,0.875
0.035,-0.064,0.875
0.032,-0.079,0.879
0.032,-0.093,0.881
0.029,-0.105,0.887
0.029,-0.114,0.893
0.025,-0.121,0.897
0.023,-0.245,0.9
0.022,-0.127,0.905
0.02,-0.132,0.905
0.017,-0.133,0.911
0.014,-0.136,0.912
0.01,-0.142,0.912
0.01,-0.147,0.912
0.006,-0.148,0.912
0.001,-0.148,0.909
-0.004,-0.145,0.909
-0.009,-0.143,0.906
-0.01,-0.144,0.905
-0.01,-0.145,0.904
-0.01,-0.147,0.9
-0.01,-0.151,0.897
-0.007,-0.151,0.894
-0.007,-0.15,0.894
-0.006,-0.146,0.891
-0.006,-0.144,0.887
-0.006,-0.151,0.882
-0.016,0.925,1.832
-0.065,1.666,1.84
-0.126,2.075,2.164
-0.248,1.915,2.189
-0.498,1.257,2.23
-0.416,0.429,2.162
-0.605,0.429,1.84
-0.772,0.009,1.482
-0.839,0.031,1.482
-0.798,0.036,1.322
-0.686,-0.08,1.317
-0.546,-0.209,1.333
-0.546,-0.278,1.354
-0.389,-0.278,1.394
-0.221,-0.228,1.371
-0.081,-0.084,1.246
0.01,0.077,1.247
0.061,0.202,1.098
0.084,0.252,0.958
0.084,0.239,0.813
0.088,0.239,0.685
0.081,0.209,0.606
0.077,0.183,0.575
0.079,0.17,0.575
0.084,0.178,0.586
0.082,0.2,0.607
0.082,0.222,0.625
0.078,0.226,0.638
0.078,0.226,0.655
0.077,0.215,0.702
0.082,0.196,0.702
0.092,0.169,0.76
0.096,0.138,0.793
0.096,0.099,0.795
0.099,0.063,0.796
0.109,0.063,0.817
0.118,0.038,0.841
0.121,0.012,0.841
0.132,-0.022,0.863
0.152,-0.057,0.888
0.174,-0.08,0.912
0.174,-0.089,0.938
0.192,-0.093,0.965
0.203,-0.093,0.996
0.206,-0.087,1.121
0.198,-0.072,1.032
0.182,-0.051,1.058
0.163,-0.02,1.086
0.163,0.038,1.144
0.133,0.115,1.218
0.066,0.115,1.251
-0.021,0.163,1.239
-0.086,0.164,1.239
-0.116,0.142,1.208
-0.124,0.13,1.182
-0.126,0.137,1.175
-0.126,0.147,1.174
-0.132,0.147,1.168
-0.133,0.144,1.162
-0.121,0.122,1.162
-0.1,0.084,1.159
-0.073,0.044,1.162
-0.045,0.011,1.165
-0.045,-0.012,1.162
-0.018,-0.02,1.155
0,-0.02,1.147
0.008,-0.015,1.137
0.012,-0.005,1.137
0.01,0.008,1.123
0.002,0.019,1.105
-0.122,0.028,1.087
-0.003,0.039,1.072
-0.004,0.039,1.052
-0.005,0.047,1.032
-0.002,0.052,1.032
0,0.058,1.016
0.001,0.063,0.999
0.005,0.067,0.98
0.005,0.072,0.961
0.005,0.072,0.943
0.003,0.074,0.926
-0.001,0.072,0.926
-0.005,0.067,0.911
-0.007,0.063,0.9
-0.014,0.06,0.891
-0.014,0.056,0.882
-0.018,0.052,0.877
-0.015,0.052,0.874
-0.009,0.046,0.874
0,0.042,0.876
0.009,0.036,0.879
0.018,0.028,0.885
0.018,0.02,0.89
0.028,0.009,0.893
0.038,0.009,0.898
0.045,-0.001,0.898
0.047,-0.01,0.903
0.048,-0.019,0.908
0.048,-0.027,0.912
0.048,-0.035,0.915
0.046,-0.042,0.918
0.049,-0.042,0.92
0.049,-0.049,0.922
0.047,-0.056,0.922
0.052,-0.062,0.927
0.055,-0.069,0.929
0.055,-0.076,0.929
0.055,-0.084,0.929
0.058,-0.084,0.926
0.059,-0.092,0.92
0.057,-0.101,0.92
0.054,-0.11,0.912
0.05,-0.122,0.903
0.046,-0.133,0.895
0.046,-0.144,0.888
0.041,-0.154,0.88
0.038,-0.154,0.876
0.036,-0.16,0.876
0.037,-0.163,0.876
0.075,1.693,1.701
0.023,2.355,2.157
-0.041,2.137,2.068
-0.041,1.191,2.01
-0.124,0.343,1.943
-0.26,0.218,1.593
-0.425,0.202,1.347
-0.547,0.32,1.362
-0.574,0.231,1.362
-0.494,-0.032,1.481
-0.361,-0.252,1.625
-0.236,-0.315,1.704
-0.226,-0.221,1.687
-0.113,-0.221,1.567
-0.017,-0.048,1.372
0.072,0.099,1.372
0.152,0.169,1.145
0.229,0.16,0.931
0.291,0.106,0.775
0.291,0.067,0.676
0.319,0.067,0.59
0.321,0.062,0.509
0.308,0.089,0.385
0.283,0.135,0.466
0.229,0.193,0.441
0.144,0.242,0.385
0.144,0.275,0.368
0.08,0.305,0.409
0.041,0.305,0.459
0.007,0.329,0.532
-0.015,0.348,0.532
-0.028,0.356,0.621
-0.044,0.35,0.702
-0.044,0.342,0.755
-0.065,0.325,0.783
-0.081,0.325,0.804
-0.087,0.296,0.83
-0.085,0.272,0.83
-0.074,0.25,0.876
-0.06,0.231,0.935
-0.052,0.223,0.975
-0.052,0.223,0.992
-0.05,0.223,1.008
-0.047,0.223,1.026
-0.041,0.217,1.026
-0.035,0.205,1.044
-0.028,0.192,1.065
-0.024,0.187,1.101
-0.024,0.189,1.162
-0.03,0.175,1.218
-0.049,0.175,1.222
-0.072,0.133,1.187
-0.088,0.092,1.187
-0.088,0.077,1.147
-0.08,0.083,1.117
-0.072,0.099,1.091
-0.072,0.113,1.067
-0.065,0.113,1.039
-0.059,0.123,1.013
-0.051,0.124,0.888
-0.038,0.115,0.995
-0.016,0.099,0.981
0.008,0.082,0.969
0.008,0.067,0.959
0.028,0.067,0.948
0.047,0.049,0.936
0.061,0.033,0.936
0.073,0.017,0.92
0.084,0.002,0.904
0.091,-0.012,0.887
0.091,-0.027,0.869
0.098,-0.039,0.856
0.106,-0.039,0.845
0.113,-0.049,0.835
0.122,-0.059,0.835
0.129,-0.068,0.824
0.135,-0.077,0.815
0.14,-0.085,0.811
0.14,-0.094,0.812
0.142,-0.094,0.813
0.142,-0.102,0.815
0.14,-0.106,0.815
0.137,-0.109,0.819
0.136,-0.11,0.823
0.134,-0.108,0.825
0.134,-0.106,0.829
0.13,-0.101,0.835
0.126,-0.101,0.846
0.124,-0.093,0.86
0.122,-0.087,0.86
0.117,-0.081,0.876
0.112,-0.076,0.89
0.112,-0.071,0.902
0.107,-0.069,0.914
0.102,-0.069,0.924
0.098,-0.072,0.933
0.091,-0.074,0.933
0.082,-0.077,0.94
0.081,-0.078,0.958
0.078,-0.074,0.977
0.078,-0.072,0.977
0.062,-0.072,0.98
0.052,-0.074,0.991
0.049,-0.072,1.116
0.046,-0.068,1.005
0.04,-0.064,1.016
0.033,-0.059,1.023
0.033,-0.057,1.028
0.028,-0.057,1.033
0.024,-0.057,1.037
0.018,-0.058,1.037
0.011,-0.064,1.041
0.008,-0.073,1.046
0.006,-0.08,1.057
0.006,-0.089,1.063
0.006,-0.098,1.058
0.006,-0.098,1.054
0.006,-0.11,1.049
0.01,-0.124,1.049
-0.119,1.044,1.392
-0.244,1.054,1.453
-0.166,0.911,1.456
-0.248,0.911,1.556
-0.356,0.728,1.637
-0.474,0.522,1.637
-0.557,0.332,1.587
-0.586,0.211,1.484
-0.569,0.13,1.412
-0.569,0.055,1.38
-0.514,-0.07,1.361
-0.427,-0.034,1.337
-0.325,-0.098,1.337
-0.219,-0.099,1.299
-0.118,-0.051,1.25
-0.038,0.025,1.198
0.087,0.093,1.134
0.011,0.124,1.047
0.036,0.124,0.961
0.054,0.126,0.893
0.066,0.122,0.893
0.079,0.116,0.842
0.092,0.101,0.815
0.102,0.079,0.8
0.102,0.048,0.769
0.105,0.048,0.733
0.11,0.015,0.709
0.126,-0.014,0.709
0.141,-0.03,0.702
0.156,-0.039,0.715
0.171,-0.039,0.74
0.171,-0.033,0.765
0.179,-0.029,0.793
0.186,-0.029,0.816
0.195,-0.029,0.838
0.196,-0.027,0.838
0.194,-0.019,0.867
0.192,-0.007,0.899
0.192,0.007,0.932
0.184,0.023,0.962
0.17,0.023,0.995
0.149,0.04,1.028
0.125,0.052,1.028
0.1,0.058,1.053
0.07,0.073,1.072
0.031,0.106,1.095
0.031,0.14,1.118
-0.02,0.14,1.122
-0.069,0.153,1.111
-0.102,0.141,1.111
-0.117,0.121,1.099
-0.123,0.117,1.098
-0.128,0.122,1.106
-0.128,0.12,1.115
-0.13,0.103,1.123
-0.123,0.103,1.132
-0.104,0.079,1.132
-0.079,0.057,1.148
-0.055,0.044,1.16
-0.034,0.038,1.163
-0.034,0.04,1.16
-0.018,0.045,1.153
-0.012,0.045,1.144
-0.01,0.047,1.136
-0.008,0.049,1.136
-0.008,0.049,1.124
-0.008,0.047,1.112
-0.003,0.043,1.101
-0.003,0.032,1.091
0.005,0.032,1.079
0.014,0.02,1.061
0.021,0.012,1.048
0.028,0.005,1.048
0.037,0.003,1.04
0.041,0.002,1.029
0.041,-0.002,1.013
0.038,-0.002,0.994
0.034,-0.002,0.979
0.031,0.001,0.97
0.031,0.002,0.97
0.032,0.009,0.962
0.035,0.016,0.955
0.037,0.019,0.947
0.037,0.021,0.939
0.038,0.021,0.93
0.039,0.019,0.923
0.038,0.014,0.923
0.034,0.006,0.915
0.028,-0.002,0.908
0.021,-0.011,0.902
0.021,-0.021,0.897
0.018,-0.021,0.894
0.012,-0.028,0.89
0.006,-0.038,0.89
0.005,-0.048,0.886
0.006,-0.054,0.882
0.007,-0.062,0.881
0.007,-0.072,0.88
0.01,-0.079,0.878
0.014,-0.079,0.878
0.018,-0.088,0.878
0.022,-0.096,0.879
0.023,-0.1,0.879
0.024,-0.105,0.879
0.024,-0.11,0.881
0.027,-0.114,0.882
0.029,-0.114,0.886
0.031,-0.117,0.89
0.032,-0.119,0.89
0.03,-0.12,0.894
0.029,-0.122,0.897
0.028,-0.123,0.899
0.028,-0.126,0.9
0.026,-0.127,0.903
0.023,-0.127,0.912
0.013,-0.13,0.901
-0.01,-0.147,0.901
-0.032,-0.156,0.887
-0.046,-0.15,0.885
-0.04,0.897,1.419
-0.041,1.143,1.419
-0.078,1.07,1.476
-0.151,0.794,1.534
-0.269,0.518,1.605
-0.269,0.353,1.533
-0.384,0.295,1.382
-0.454,0.295,1.282
-0.475,0.248,1.251
-0.456,0.155,1.251
-0.405,0.01,1.275
-0.333,-0.114,1.301
-0.208,-0.146,1.281
-0.249,-0.114,1.249
-0.153,-0.114,1.205
-0.057,-0.044,1.121
0.019,0.032,1.121
0.062,0.081,1.01
0.082,0.102,0.911
0.089,0.106,0.832
0.089,0.104,0.77
0.082,0.104,0.721
0.06,0.101,0.672
0.041,0.087,0.672
0.028,0.083,0.634
0.023,0.095,0.626
0.033,0.114,0.656
0.033,0.12,0.679
0.055,0.09,0.675
0.082,0.09,0.672
0.109,0.064,0.672
0.124,0.06,0.667
0.133,0.058,0.67
0.142,0.054,0.681
0.142,0.049,0.699
0.148,0.052,0.732
0.147,0.052,0.773
0.14,0.055,0.811
0.127,0.063,0.811
0.112,0.081,0.852
0.109,0.104,0.928
0.109,0.126,1
0.104,0.137,1.029
0.08,0.137,1.054
0.057,0.134,1.078
0.038,0.122,1.078
0.012,0.1,1.095
-0.014,0.074,1.113
-0.034,0.058,1.14
-0.034,0.048,1.166
-0.053,0.044,1.182
-0.069,0.044,1.202
-0.086,0.05,1.224
-0.11,0.059,1.224
-0.141,0.055,1.224
-0.17,0.036,1.201
-0.17,0.013,1.171
-0.18,0,1.143
-0.171,0,1.121
-0.154,0.001,1.106
-0.132,0.006,1.106
-0.103,0.003,1.095
-0.073,-0.01,1.084
-0.039,-0.028,1.073
-0.039,-0.047,1.061
-0.005,-0.047,1.043
0.02,-0.061,1.019
0.038,-0.063,1.019
0.05,-0.058,0.996
0.059,-0.048,0.974
0.063,-0.035,0.956
0.063,-0.021,0.94
0.064,-0.008,0.923
0.067,-0.008,0.91
0.072,0.006,0.896
0.075,0.02,0.896
0.081,0.031,0.884
0.085,0.042,0.876
0.085,0.054,0.873
0.085,0.062,0.872
0.084,0.062,0.872
0.082,0.066,0.871
0.074,0.066,0.871
0.062,0.061,0.873
0.047,0.048,0.877
0.047,0.034,0.881
0.029,0.018,0.886
0.011,-0.107,0.891
-0.005,-0.001,0.895
-0.02,-0.02,0.895
-0.032,-0.038,0.907
-0.043,-0.049,0.919
-0.05,-0.058,0.929
-0.05,-0.067,0.938
-0.053,-0.067,0.946
-0.054,-0.075,0.954
-0.049,-0.085,0.961
-0.041,-0.094,0.961
-0.034,-0.103,0.967
-0.027,-0.109,0.97
-0.027,-0.111,0.973
-0.023,-0.111,0.975
-0.019,-0.111,0.974
-0.019,-0.11,0.972
-0.021,-0.109,0.972
-0.024,-0.108,0.971
-0.029,-0.109,0.968
-0.034,-0.112,0.964
-0.034,-0.114,0.962
-0.039,-0.114,0.959
-0.044,-0.118,0.956
-0.048,-0.122,0.956
-0.049,-0.124,0.955
-0.048,-0.125,0.956
-0.046,-0.127,0.958
-0.046,-0.134,0.958
-0.046,-0.144,0.957
-0.045,-0.144,0.956
-0.043,-0.152,0.958
-0.037,1.208,1.891
-0.061,1.441,1.874
-0.151,1.195,1.913
-0.306,0.806,2.014
-0.431,0.586,2.026
-0.474,0.614,1.761
-0.598,0.614,1.466
-0.63,0.538,1.335
-0.595,0.265,1.335
-0.546,0.043,1.289
-0.471,-0.102,1.291
-0.37,-0.156,1.305
-0.37,-0.119,1.234
-0.271,-0.119,1.072
-0.192,-0.038,0.883
-0.119,0.03,0.633
-0.045,0.058,0.719
0.021,0.058,0.611
0.083,0.052,0.543
0.208,0.052,0.494
0.136,0.067,0.475
0.174,0.067,0.49
0.189,0.093,0.516
0.181,0.114,0.516
0.162,0.123,0.55
0.13,0.13,0.582
0.092,0.13,0.598
0.092,0.113,0.622
0.065,0.113,0.637
0.04,0.108,0.654
0.027,0.116,0.654
0.023,0.115,0.682
0.022,0.106,0.706
0.041,0.087,0.74
0.041,0.075,0.772
0.059,0.075,0.795
0.06,0.079,0.821
0.052,0.092,0.821
0.043,0.091,0.846
0.031,0.083,0.864
0.017,0.072,0.871
0.017,0.062,0.868
0.006,0.062,0.877
-0.004,0.068,0.893
-0.018,0.08,0.893
-0.031,0.087,0.902
-0.028,0.088,0.928
-0.018,0.089,0.964
-0.018,0.098,0.975
-0.026,0.109,0.979
-0.04,0.109,1.02
-0.053,0.135,1.096
-0.081,0.169,1.096
-0.133,0.175,1.148
-0.18,0.148,1.157
-0.19,0.112,1.156
-0.19,0.086,1.156
-0.168,0.086,1.154
-0.136,0.08,1.148
-0.106,0.084,1.148
-0.077,0.088,1.135
-0.045,0.078,1.114
-0.006,0.054,1.086
-0.006,0.014,1.056
0.033,-0.111,1.028
0.067,-0.034,1.009
0.095,-0.076,0.884
0.117,-0.106,0.998
0.127,-0.123,0.994
0.129,-0.128,0.986
0.129,-0.126,0.978
0.126,-0.119,0.97
0.121,-0.119,0.96
0.119,-0.109,0.95
0.118,-0.098,0.95
0.12,-0.088,0.94
0.123,-0.08,0.933
0.128,-0.071,0.928
0.128,-0.062,0.925
0.134,-0.055,0.925
0.139,-0.055,0.925
0.138,-0.05,0.925
0.131,-0.046,0.925
0.123,-0.041,0.923
0.112,-0.033,0.919
0.112,-0.029,0.914
0.097,-0.028,0.91
0.08,-0.028,0.908
0.064,-0.025,0.911
0.053,-0.025,0.911
0.045,-0.03,0.924
0.038,-0.035,0.938
0.028,-0.036,0.945
0.028,-0.041,0.95
0.019,-0.041,0.956
0.011,-0.049,0.96
0.003,-0.058,0.96
-0.003,-0.065,0.966
-0.01,-0.07,0.974
-0.016,-0.075,0.981
-0.016,-0.077,0.987
-0.022,-0.077,0.989
-0.031,-0.08,0.988
-0.039,-0.081,0.988
-0.045,-0.083,0.988
-0.051,-0.087,0.99
-0.053,-0.09,0.992
-0.053,-0.092,0.993
-0.052,-0.095,0.99
-0.049,-0.095,0.988
-0.044,-0.097,0.988
-0.038,-0.1,0.988
-0.034,-0.102,0.986
-0.032,-0.106,0.981
-0.033,-0.113,0.973
-0.033,-0.122,0.964
-0.034,-0.122,0.957
-0.038,-0.13,0.95
-0.043,-0.137,0.95
0.031,0.684,1.586
-0.006,1.016,1.836
-0.074,1.122,1.804
-0.192,1.01,1.884
-0.339,0.781,1.933
-0.464,0.526,1.957
-0.474,0.302,1.875
-0.565,0.177,1.706
-0.602,0.163,1.526
-0.586,0.071,1.526
-0.512,-0.035,1.386
-0.4,-0.144,1.3
-0.27,-0.198,1.248
-0.27,-0.176,1.207
-0.142,-0.103,1.159
-0.037,-0.103,1.087
0.033,-0.009,1.087
0.08,0.073,1.002
0.114,0.126,0.92
0.132,0.147,0.829
0.132,0.148,0.742
0.133,0.146,0.693
0.122,0.146,0.677
0.112,0.137,0.683
0.105,0.113,0.683
0.096,0.081,0.701
0.078,0.057,0.709
0.059,0.041,0.7
0.059,0.033,0.694
0.05,0.033,0.711
0.055,0.033,0.739
0.067,0.037,0.739
0.08,0.042,0.769
0.093,0.051,0.794
0.103,0.051,0.816
0.103,0.043,0.833
0.107,0.043,0.851
0.102,0.044,0.891
0.1,0.049,0.891
0.093,0.054,0.941
0.068,0.061,0.98
0.035,0.064,1.013
0.035,0.061,1.041
-0.002,0.061,1.066
-0.041,0.049,1.093
-0.077,0.027,1.127
-0.105,0.003,1.127
-0.122,-0.021,1.159
-0.125,-0.037,1.166
-0.113,-0.018,1.137
-0.113,0.035,1.091
-0.084,0.035,1.064
-0.052,0.083,1.061
-0.031,0.114,1.061
-0.033,0.122,1.066
-0.055,0.109,1.068
-0.081,0.078,1.061
-0.081,0.038,1.049
-0.098,0.001,1.039
-0.103,0.001,1.036
-0.095,-0.027,1.036
-0.075,-0.04,1.037
-0.05,-0.04,1.04
-0.028,-0.035,1.04
-0.028,-0.033,1.032
-0.007,-0.038,1.023
0.009,-0.038,1.013
0.017,-0.05,1.013
0.015,-0.06,1.001
0.01,-0.063,0.991
0.003,-0.061,0.98
-0.122,-0.056,0.968
-0.002,-0.052,0.956
-0.004,-0.052,0.95
-0.003,-0.051,0.947
-0.001,-0.05,0.947
0.002,-0.052,0.945
0.008,-0.057,0.944
0.018,-0.06,0.943
0.018,-0.061,0.943
0.027,-0.061,0.948
0.033,-0.062,0.955
0.037,-0.063,0.955
0.041,-0.063,0.959
0.046,-0.068,0.963
0.048,-0.073,0.966
0.048,-0.079,0.969
0.05,-0.085,0.971
0.05,-0.085,0.97
0.047,-0.091,0.969
0.044,-0.096,0.969
0.041,-0.096,0.969
0.038,-0.097,0.965
0.038,-0.098,0.959
0.031,-0.097,0.954
0.024,-0.097,0.948
0.017,-0.092,0.945
0.009,-0.088,0.945
0.003,-0.083,0.943
-0.001,-0.08,0.941
-0.002,-0.078,0.937
-0.002,-0.077,0.935
-0.001,-0.078,0.938
0,-0.078,0.942
0,-0.077,0.942
0.004,-0.079,0.942
0.007,-0.083,0.939
0.009,-0.088,0.941
0.009,-0.092,0.946
0.011,-0.1,0.949
0.012,-0.1,0.952
0.01,-0.111,0.952
0.007,-0.121,0.954
0.006,-0.134,0.954
0.004,-0.15,0.953
0.004,-0.163,0.953
0,-0.175,0.953
-0.005,-0.175,0.952
-0.014,-0.186,0.952
-0.043,1.136,1.628
-0.058,1.136,1.676
-0.107,1.009,1.676
-0.205,0.769,1.731
-0.318,0.488,1.784
-0.403,0.25,1.754
-0.403,0.114,1.648
-0.447,0.047,1.537
-0.455,-0.078,1.452
-0.427,-0.02,1.39
-0.366,-0.09,1.39
-0.28,-0.129,1.348
-0.177,-0.122,1.315
-0.072,-0.07,1.285
-0.072,0.009,1.241
0.015,0.08,1.167
0.078,0.08,1.079
0.118,0.124,1.007
0.142,0.149,1.007
0.157,0.179,0.966
0.158,0.191,0.935
0.158,0.159,0.877
0.146,0.11,0.816
0.127,0.11,0.775
0.112,0.072,0.745
0.1,0.049,0.745
0.091,0.036,0.729
0.092,0.028,0.723
0.103,0.026,0.728
0.103,0.032,0.744
0.113,0.032,0.762
0.127,0.039,0.782
0.144,0.042,0.782
0.155,0.052,0.801
0.157,0.065,0.824
0.15,0.072,0.849
0.15,0.076,0.871
0.129,0.076,0.891
0.099,0.076,0.908
0.065,0.069,0.908
0.032,0.058,0.922
-0.003,0.045,0.936
-0.028,0.03,0.951
-0.028,0.016,0.965
-0.047,0.008,0.98
-0.059,0.008,0.996
-0.062,0.008,1.013
-0.059,0.017,1.013
-0.047,0.037,1.036
-0.044,0.055,1.049
-0.046,0.062,1.042
-0.046,0.054,1.031
-0.045,0.054,1.021
-0.041,0.041,1.013
-0.038,0.033,1.013
-0.039,0.03,1.009
-0.042,0.026,1.008
-0.044,0.022,1.005
-0.044,0.017,1.001
-0.041,0.017,0.999
-0.037,0.014,0.998
-0.032,0.013,0.998
-0.031,0.015,0.993
-0.03,0.019,0.985
-0.028,0.022,0.983
-0.028,0.025,0.98
-0.027,0.027,0.978
-0.026,0.027,0.979
-0.022,0.026,0.977
-0.017,0.021,0.977
-0.011,0.019,0.975
-0.004,0.015,0.972
-0.001,0.007,0.967
-0.001,0,0.965
0.002,0,0.963
0.004,-0.006,0.96
0.004,-0.015,0.96
0.004,-0.024,0.96
0.008,-0.032,0.96
0.013,-0.041,0.958
0.013,-0.05,0.957
0.018,-0.05,0.96
0.019,-0.056,0.962
0.019,-0.059,0.962
0.02,-0.064,0.96
0.021,-0.067,0.96
0.022,-0.065,0.961
0.022,-0.066,0.962
0.02,-0.066,0.962
0.018,-0.067,0.962
0.016,-0.068,0.962
0.012,-0.072,0.962
0.008,-0.075,0.96
0.005,-0.081,0.957
0.005,-0.092,0.957
0.005,-0.092,0.956
0.003,-0.102,0.956
0,-0.112,0.956
-0.001,-0.119,0.959
-0.001,-0.123,0.959
-0.001,-0.123,0.959
-0.001,-0.124,0.96
-0.001,-0.124,0.961
-0.001,-0.124,0.962
-0.002,-0.126,0.962
-0.004,-0.132,0.962
-0.006,-0.137,0.964
-0.008,-0.143,0.964
-0.013,-0.151,0.961
-0.013,-0.159,0.958
-0.019,-0.159,0.957
-0.022,-0.163,0.955
-0.024,-0.166,0.955
-0.025,-0.166,0.956
-0.023,-0.166,0.964
-0.02,-0.168,0.969
-0.02,-0.171,0.975
-0.017,-0.178,0.979
-0.014,-0.178,0.979
-0.051,1.374,1.908
-0.09,1.338,2.141
-0.157,1.338,2.221
-0.286,0.926,2.346
-0.449,0.509,2.325
-0.592,0.361,2.338
-0.666,0.381,2.161
-0.669,0.355,1.896
-0.669,0.227,1.656
-0.624,0.102,1.488
-0.553,0.075,1.388
-0.465,-0.036,1.388
-0.365,-0.075,1.317
-0.257,-0.05,1.238
-0.145,0,1.16
-0.145,0.069,1.064
-0.054,0.194,0.957
0.014,0.127,0.907
0.083,0.177,0.886
0.133,0.237,0.886
0.14,0.245,0.816
0.121,0.221,0.712
0.121,0.207,0.648
0.096,0.194,0.616
0.073,0.194,0.583
0.053,0.174,0.559
0.04,0.159,0.559
0.037,0.145,0.562
0.048,0.13,0.585
0.069,0.117,0.617
0.069,0.102,0.659
0.092,0.091,0.707
0.115,0.091,0.758
0.13,0.081,0.758
0.127,0.069,0.802
0.107,0.057,0.836
0.075,0.045,0.864
0.075,0.034,0.886
0.04,0.029,0.913
0.001,0.029,0.955
-0.038,0.037,1.08
-0.076,0.046,1
-0.114,0.042,1.029
-0.137,0.029,1.036
-0.137,0.015,1.032
-0.137,0.007,1.029
-0.121,0.007,1.033
-0.1,0.006,1.044
-0.082,0.008,1.044
-0.066,0.002,1.055
-0.055,-0.012,1.062
-0.046,-0.028,1.064
-0.046,-0.043,1.057
-0.04,-0.043,1.045
-0.042,-0.054,1.028
-0.049,-0.057,1.008
-0.055,-0.049,1.008
-0.061,-0.039,0.993
-0.064,-0.033,0.981
-0.064,-0.027,0.968
-0.063,-0.023,0.956
-0.058,-0.023,0.95
-0.051,-0.021,0.945
-0.041,-0.019,0.945
-0.03,-0.016,0.94
-0.02,-0.016,0.935
-0.012,-0.015,0.926
-0.012,-0.014,0.92
-0.007,-0.014,0.914
-0.004,-0.012,0.91
0,-0.008,0.91
0.001,-0.003,0.904
0.001,0.003,0.901
0.001,0.008,0.901
0.001,0.011,0.897
0.002,0.014,0.896
0.004,0.014,0.9
0.004,0.016,0.9
0.005,0.019,0.905
0.006,0.016,0.91
0.005,0.008,0.914
0.005,0,0.919
0.006,-0.009,0.938
0.011,-0.009,0.944
0.007,-0.021,0.944
-0.004,-0.035,0.938
-0.014,-0.047,0.941
-0.023,-0.058,0.944
-0.023,-0.07,0.948
-0.031,-0.078,0.954
-0.042,-0.078,0.957
-0.053,-0.082,0.96
-0.06,-0.084,0.96
-0.063,-0.084,0.964
-0.065,-0.084,0.965
-0.064,-0.083,0.965
-0.064,-0.083,0.966
-0.063,-0.083,0.968
-0.061,-0.082,0.972
-0.058,-0.084,0.972
-0.052,-0.088,0.976
-0.047,-0.091,0.982
-0.041,-0.096,0.989
-0.041,-0.102,0.996
-0.031,-0.11,1.003
-0.023,-0.11,1.008
-0.014,-0.118,1.008
-0.006,-0.126,1.01
0,-0.136,1.013
0.003,-0.143,1.016
0.003,-0.149,1.018
0.004,-0.155,1.02
0.003,-0.155,1.019
0,-0.157,1.016
-0.007,-0.16,1.016
-0.015,-0.164,1.011
-0.02,-0.167,1.006
-0.02,-0.168,1.003
-0.026,-0.169,1.002
-0.094,1.023,1.65
-0.151,1.049,1.697
-0.23,0.936,1.697
-0.332,0.704,1.719
-0.424,0.467,1.745
-0.485,0.31,1.715
-0.485,0.222,1.635
-0.502,0.136,1.543
-0.488,0.136,1.456
-0.452,0.034,1.378
-0.392,-0.058,1.378
-0.309,-0.115,1.315
-0.22,-0.122,1.274
-0.22,-0.081,1.24
-0.134,-0.014,1.189
-0.058,0.111,1.1
-0.009,0.052,0.994
0.02,0.099,0.994
0.044,0.13,0.907
0.059,0.154,0.851
0.065,0.162,0.811
0.065,0.152,0.778
0.068,0.126,0.744
0.062,0.126,0.706
0.053,0.085,0.687
0.048,0.054,0.687
0.05,0.04,0.689
0.057,0.035,0.706
0.057,0.028,0.728
0.06,0.017,0.753
0.064,0.017,0.783
0.075,0.005,0.807
0.089,0,0.807
0.107,-0.001,0.832
0.122,-0.001,0.858
0.128,0.001,0.886
0.128,0.002,0.915
0.126,0.002,0.942
0.115,0.003,0.967
0.102,0,0.967
0.085,-0.006,0.99
0.064,-0.016,1.011
0.042,-0.028,1.033
0.042,-0.042,1.057
0.025,-0.042,1.074
0.014,-0.056,1.081
0.004,-0.042,1.081
-0.009,0.001,1.092
-0.033,0.044,1.104
-0.057,0.062,1.103
-0.057,0.055,1.091
-0.064,0.042,1.078
-0.064,0.042,1.072
-0.068,0.038,1.072
-0.078,0.038,1.074
-0.085,0.03,1.077
-0.081,0.011,1.078
-0.081,-0.016,1.081
-0.067,-0.039,1.089
-0.044,-0.039,1.096
-0.019,-0.052,1.098
0,-0.056,1.098
0.015,-0.055,1.096
0.022,-0.054,1.092
0.022,-0.05,1.085
0.025,-0.045,1.076
0.029,-0.045,1.069
0.032,-0.044,1.063
0.034,-0.041,1.063
0.037,-0.035,1.055
0.038,-0.032,1.045
0.042,-0.029,1.036
0.042,-0.025,1.026
0.047,-0.025,1.017
0.049,-0.025,1.007
0.051,-0.027,1.007
0.047,-0.028,1.002
0.041,-0.032,0.999
0.038,-0.035,0.996
0.034,-0.04,0.994
0.034,-0.045,0.992
0.03,-0.045,0.989
0.025,-0.051,0.986
0.022,-0.058,0.986
0.023,-0.065,0.984
0.026,-0.071,0.981
0.031,-0.079,0.978
0.031,-0.086,0.98
0.038,-0.086,0.98
0.046,-0.095,0.977
0.055,-0.1,0.977
0.063,-0.101,0.973
0.068,-0.105,0.97
0.071,-0.107,0.968
0.071,-0.109,0.966
0.073,-0.109,0.964
0.074,-0.111,0.96
0.074,-0.108,0.96
0.074,-0.106,0.956
0.075,-0.102,0.954
0.076,-0.097,0.951
0.076,-0.093,0.946
0.075,-0.089,0.942
0.074,-0.089,0.943
0.072,-0.086,0.943
0.066,-0.082,0.943
0.062,-0.08,0.941
0.055,-0.077,0.938
0.046,-0.077,0.935
0.046,-0.083,0.935
0.039,-0.083,0.935
0.034,-0.095,0.934
0.032,-0.109,0.934
0.03,-0.124,0.932
0.026,-0.141,0.924
0.018,-0.157,0.908
0.018,-0.173,0.898
0.01,-0.187,0.896
0.005,-0.187,0.898
-0.165,0.807,1.5
-0.246,0.9,1.708
-0.345,0.7,1.783
-0.416,0.398,1.847
-0.416,0.23,1.892
-0.466,0.23,1.852
-0.506,0.229,1.769
-0.512,0.263,1.708
-0.48,0.225,1.708
-0.428,0.131,1.661
-0.374,0.038,1.576
-0.374,-0.02,1.443
-0.321,-0.039,1.312
-0.261,-0.039,1.209
-0.191,-0.027,1.143
-0.122,0,1.143
-0.059,0.025,1.1
-0.01,0.036,1.056
0.017,0.037,1.005
0.017,0.031,0.954
0.029,0.031,0.898
0.037,0.017,0.839
0.05,-0.001,0.839
0.069,-0.013,0.787
0.085,-0.023,0.738
0.101,-0.035,0.703
0.101,-0.047,0.681
0.12,-0.056,0.67
0.14,-0.056,0.677
0.163,-0.054,0.704
0.19,-0.041,0.704
0.215,-0.014,0.748
0.218,0.034,0.801
0.218,0.094,0.858
0.183,0.14,0.91
0.127,0.14,0.944
0.069,0.155,0.957
0.018,0.144,0.957
-0.026,0.121,0.964
-0.062,0.097,0.973
-0.062,0.073,0.989
-0.088,0.042,1.014
-0.101,0.042,1.046
-0.1,0.007,1.085
-0.096,-0.028,1.085
-0.094,-0.057,1.119
-0.096,-0.074,1.149
-0.106,-0.079,1.172
-0.106,-0.073,1.189
-0.119,-0.06,1.2
-0.131,-0.06,1.206
-0.144,-0.045,1.208
-0.15,-0.035,1.208
-0.15,-0.027,1.207
-0.147,-0.022,1.203
-0.14,-0.026,1.199
-0.14,-0.032,1.193
-0.129,-0.032,1.183
-0.119,-0.037,1.169
-0.108,-0.039,1.169
-0.098,-0.041,1.154
-0.089,-0.043,1.139
-0.081,-0.045,1.121
-0.081,-0.045,1.104
-0.07,-0.044,1.091
-0.058,-0.044,1.078
-0.046,-0.042,1.069
-0.031,-0.041,1.069
-0.017,-0.038,1.06
-0.005,-0.034,1.054
0.12,-0.033,1.046
0.007,-0.035,1.037
0.017,-0.035,1.028
0.02,-0.037,1.022
0.024,-0.044,1.022
0.022,-0.053,1.017
0.021,-0.059,1.013
0.021,-0.062,1.011
0.021,-0.065,1.007
0.015,-0.065,1
0.007,-0.068,0.994
0.002,-0.071,0.994
-0.001,-0.073,0.988
-0.004,-0.077,0.985
-0.007,-0.08,0.983
-0.007,-0.084,0.979
-0.006,-0.095,0.979
-0.003,-0.095,0.976
-0.002,-0.104,0.976
-0.002,-0.113,0.971
-0.002,-0.12,0.967
0,-0.126,0.965
0.124,-0.134,0.964
0.003,-0.141,0.958
0.002,-0.141,0.937
-0.009,-0.147,0.912
-0.021,-0.154,0.912
-0.026,-0.158,0.903
-0.025,-0.161,0.904
-0.021,-0.162,0.911
-0.021,-0.157,0.918
-0.018,-0.151,0.919
-0.017,-0.151,0.919
-0.013,-0.147,0.919
-0.01,-0.148,0.917
-0.01,-0.149,0.913
-0.011,-0.15,0.91
-0.011,-0.147,0.91
-0.013,-0.145,0.907
-0.017,-0.145,0.906
-0.022,-0.147,0.906
-0.029,-0.15,0.907
-0.038,-0.154,0.904
-0.045,-0.157,0.904
-0.049,-0.161,0.903
-0.049,-0.163,0.905
-0.052,-0.163,0.91
-0.055,-0.166,0.915
-0.053,-0.172,0.915
-0.091,0.566,1.775
-0.132,0.566,1.938
-0.184,0.481,1.986
-0.254,0.277,1.986
-0.335,0.092,1.963
-0.409,-0.007,1.882
-0.455,-0.051,1.74
-0.455,-0.084,1.57
-0.438,-0.111,1.422
-0.369,-0.111,1.318
-0.28,-0.114,1.238
-0.197,-0.09,1.238
-0.127,-0.05,1.163
-0.068,-0.006,1.086
-0.017,0.027,1
-0.017,0.059,0.928
0.02,0.059,0.866
0.037,0.082,0.813
0.039,0.089,0.813
0.033,0.083,0.778
0.027,0.069,0.753
0.024,0.048,0.738
0.024,0.023,0.729
0.023,0.023,0.728
0.027,0.001,0.738
0.04,-0.018,0.863
0.06,-0.032,0.759
0.082,-0.035,0.794
0.097,-0.029,0.838
0.097,-0.019,0.878
0.103,-0.009,0.914
0.099,-0.009,0.939
0.088,0,0.937
0.072,0.013,0.937
0.048,0.043,0.927
0.017,0.088,0.928
-0.108,0.122,0.935
-0.02,0.126,0.949
-0.05,0.001,0.962
-0.07,0.11,0.976
-0.09,0.089,0.976
-0.115,0.066,0.998
-0.141,0.037,1.02
-0.153,0.002,1.041
-0.153,-0.031,1.063
-0.151,-0.053,1.089
-0.138,-0.053,1.116
-0.122,-0.054,1.24
-0.109,-0.044,1.138
-0.101,-0.033,1.152
-0.1,-0.023,1.162
-0.104,-0.014,1.169
-0.104,-0.008,1.169
-0.107,-0.008,1.169
-0.103,-0.006,1.168
-0.098,-0.008,1.168
-0.094,-0.013,1.165
-0.091,-0.018,1.162
-0.086,-0.023,1.158
-0.086,-0.03,1.151
-0.081,-0.03,1.141
-0.076,-0.035,1.131
-0.073,-0.038,1.122
-0.069,-0.04,1.122
-0.062,-0.04,1.116
-0.06,-0.039,1.108
-0.06,-0.039,1.099
-0.057,-0.041,1.091
-0.053,-0.041,1.087
-0.047,-0.042,1.078
-0.041,-0.044,1.078
-0.035,-0.048,1.07
-0.033,-0.054,1.063
-0.035,-0.06,1.053
-0.035,-0.065,1.041
-0.036,-0.065,1.03
-0.038,-0.072,1.02
-0.041,-0.078,1.02
-0.042,-0.083,1.013
-0.044,-0.088,1.007
-0.043,-0.091,1
-0.043,-0.094,0.995
-0.041,-0.096,0.991
-0.043,-0.096,0.986
-0.041,-0.095,0.983
-0.039,-0.096,0.983
-0.037,-0.098,0.981
-0.033,-0.101,0.978
-0.028,-0.106,0.978
-0.028,-0.118,0.978
-0.022,-0.118,0.976
-0.013,-0.132,0.974
-0.006,-0.146,0.974
-0.006,-0.16,0.967
-0.014,-0.178,0.946
-0.024,-0.192,0.918
-0.024,-0.203,0.907
-0.028,-0.203,0.914
-0.029,-0.209,0.924
-0.023,-0.21,0.924
-0.015,-0.204,0.934
-0.008,-0.198,0.938
-0.003,-0.198,0.937
-0.003,-0.203,0.931
0,-0.21,0.924
0,-0.21,0.917
-0.001,-0.218,0.914
0,-0.221,0.914
-0.002,-0.22,0.913
-0.007,-0.216,0.915
-0.007,-0.212,0.913
-0.013,-0.209,0.914
-0.019,-0.209,0.917
-0.025,-0.206,0.919
-0.03,-0.205,0.919
-0.033,-0.207,0.922
-0.036,-0.208,0.924
-0.039,-0.211,0.926
-0.039,-0.218,0.928
-0.145,0.507,1.477
-0.16,0.55,1.477
-0.183,0.518,1.559
-0.215,0.404,1.594
-0.257,0.256,1.589
-0.257,0.136,1.555
-0.301,0.136,1.496
-0.328,0.056,1.417
-0.334,0.008,1.292
-0.319,-0.01,1.34
-0.286,0,1.289
-0.246,0.026,1.259
-0.246,0.053,1.239
-0.196,0.075,1.214
-0.138,0.075,1.169
-0.087,0.092,1.111
-0.051,0.102,1.111
-0.027,0.109,1.052
-0.01,0.112,0.997
0.115,0.113,0.957
0.003,0.116,0.93
0.007,0.116,0.903
0.004,0.113,0.877
0,0.107,0.877
-0.008,0.112,0.858
-0.028,0.122,0.852
-0.028,0.127,0.854
-0.055,0.122,0.856
-0.079,0.122,0.86
-0.091,0.098,0.869
-0.094,0.068,0.869
-0.09,0.045,0.885
-0.081,0.027,0.909
-0.068,0.011,0.933
-0.068,-0.004,0.952
-0.053,-0.017,0.972
-0.031,-0.017,0.989
-0.004,-0.024,1.114
0.012,-0.029,1
0.023,-0.031,1.011
0.025,-0.032,1.022
0.02,-0.032,1.026
0.02,-0.03,1.028
0.014,-0.03,1.027
0.005,-0.028,1.027
-0.004,-0.031,1.027
-0.013,-0.037,1.03
-0.019,-0.043,1.034
-0.024,-0.053,1.036
-0.024,-0.063,1.035
-0.03,-0.063,1.036
-0.034,-0.07,1.038
-0.036,-0.074,1.038
-0.034,-0.075,1.041
-0.032,-0.074,1.045
-0.032,-0.072,1.046
-0.032,-0.069,1.048
-0.03,-0.069,1.05
-0.029,-0.066,1.05
-0.028,-0.064,1.046
-0.025,-0.062,1.046
-0.023,-0.062,1.043
-0.024,-0.061,1.042
-0.024,-0.063,1.038
-0.024,-0.067,1.036
-0.022,-0.067,1.033
-0.019,-0.07,1.033
-0.014,-0.072,1.033
-0.011,-0.072,1.034
-0.007,-0.074,1.036
-0.003,-0.075,1.036
-0.003,-0.073,1.035
-0.003,-0.073,1.032
-0.005,-0.071,1.027
-0.007,-0.068,1.027
-0.01,-0.066,1.021
-0.013,-0.064,1.015
-0.014,-0.065,1.01
-0.014,-0.067,1.008
-0.016,-0.069,1.005
-0.019,-0.069,1.003
-0.02,-0.072,1.003
-0.02,-0.073,1.002
-0.022,-0.077,1.002
-0.023,-0.085,1.002
-0.023,-0.094,0.999
-0.022,-0.104,0.996
-0.023,-0.104,0.991
-0.025,-0.113,0.985
-0.027,-0.123,0.985
-0.029,-0.133,0.981
-0.032,-0.142,0.974
-0.032,-0.15,0.966
-0.032,-0.16,0.96
-0.035,-0.16,0.956
-0.04,-0.169,0.954
-0.045,-0.173,0.954
-0.049,-0.178,0.951
-0.049,-0.184,0.945
-0.045,-0.193,0.939
-0.045,-0.199,0.935
-0.042,-0.199,0.932
-0.037,-0.202,0.928
-0.03,-0.201,0.924
-0.027,-0.198,0.924
-0.029,-0.197,0.924
-0.03,-0.194,0.925
-0.032,-0.193,0.922
-0.032,-0.19,0.917
-0.036,-0.19,0.915
-0.04,-0.184,0.913
-0.043,-0.183,0.913
-0.046,-0.185,0.906
-0.049,-0.186,0.902
-0.052,-0.196,0.9
-0.052,-0.209,0.895
-0.057,-0.221,0.889
-0.062,-0.221,0.886
-0.07,-0.231,0.884
-0.203,0.71,1.515
-0.203,0.695,1.676
-0.234,0.529,1.745
-0.286,0.529,1.771
-0.353,0.331,1.77
-0.421,0.175,1.77
-0.468,0.072,1.714
-0.476,0.004,1.602
-0.447,-0.03,1.474
-0.447,-0.032,1.36
-0.387,-0.005,1.277
-0.316,-0.005,1.22
-0.239,0.04,1.22
-0.158,0.081,1.16
-0.083,0.111,1.09
-0.022,0.139,1.023
-0.022,0.161,0.97
0.019,0.174,0.915
0.038,0.174,0.869
0.045,0.176,0.849
0.047,0.171,0.849
0.047,0.161,0.844
0.044,0.145,0.841
0.044,0.13,0.844
0.034,0.119,0.854
0.021,0.119,0.869
0.006,0.106,0.886
-0.011,0.09,0.886
-0.029,0.076,0.908
-0.044,0.056,0.934
-0.054,0.033,0.962
-0.054,0.014,0.982
-0.057,0.014,0.987
-0.05,0.02,0.989
-0.045,0.055,0.994
-0.043,0.088,0.994
-0.037,0.095,1.001
-0.032,0.083,1.009
-0.032,0.069,1.02
-0.036,0.057,1.032
-0.049,0.057,1.042
-0.068,0.045,1.047
-0.084,0.031,1.047
-0.095,0.016,1.051
-0.101,0.004,1.056
-0.103,0.001,1.059
-0.103,0.005,1.061
-0.102,0.005,1.063
-0.104,0.01,1.063
-0.109,0.011,1.063
-0.114,0.007,1.059
-0.121,0.001,1.053
-0.126,-0.002,1.047
-0.126,-0.008,1.041
-0.129,-0.014,1.035
-0.131,-0.014,1.028
-0.13,-0.02,1.028
-0.124,-0.024,1.021
-0.117,-0.028,1.013
-0.107,-0.034,1.004
-0.107,-0.038,0.995
-0.096,-0.041,0.988
-0.084,-0.041,0.985
-0.074,-0.042,0.978
-0.063,-0.043,0.978
-0.053,-0.044,0.972
-0.043,-0.049,0.971
-0.038,-0.057,0.966
-0.038,-0.065,0.956
-0.032,-0.065,0.944
-0.029,-0.074,0.933
-0.029,-0.083,0.933
-0.03,-0.093,0.923
-0.033,-0.099,0.914
-0.037,-0.1,0.908
-0.037,-0.1,0.906
-0.042,-0.102,0.904
-0.044,-0.102,0.903
-0.044,-0.104,0.902
-0.046,-0.111,0.902
-0.045,-0.12,0.9
-0.043,-0.127,0.9
-0.044,-0.136,0.897
-0.044,-0.144,0.894
-0.045,-0.144,0.894
-0.046,-0.149,0.894
-0.048,-0.154,0.894
-0.051,-0.157,0.892
-0.053,-0.157,0.889
-0.054,-0.157,0.889
-0.054,-0.16,0.89
-0.055,-0.162,0.891
-0.057,-0.162,0.894
-0.057,-0.167,0.894
-0.051,-0.179,0.897
-0.046,-0.194,0.898
-0.041,-0.203,0.901
-0.039,-0.21,0.904
-0.039,-0.216,0.907
-0.036,-0.216,0.908
-0.037,-0.22,0.909
-0.041,-0.22,0.909
-0.045,-0.218,0.912
-0.05,-0.216,0.915
-0.057,-0.214,0.918
-0.057,-0.214,0.924
-0.063,-0.213,0.93
-0.07,-0.213,0.932
-0.077,-0.21,0.932
-0.081,-0.21,0.936
-0.083,-0.215,0.941
-0.083,-0.22,0.947
-0.083,-0.222,0.953
-0.081,-0.228,0.957
-0.079,-0.228,0.965
-0.075,-0.238,0.973
-0.07,-0.242,0.973
-0.072,-0.24,0.976
-0.053,-0.387,0.976
-0.179,1.24,2.058
-0.25,1.171,2.208
-0.313,0.891,2.208
-0.385,0.411,2.2
-0.468,0.056,2.163
-0.536,-0.06,2.09
-0.536,-0.061,1.964
-0.567,-0.09,1.796
-0.547,-0.09,1.634
-0.487,-0.152,1.501
-0.41,-0.192,1.501
-0.322,-0.177,1.398
-0.23,-0.105,1.322
-0.23,0.001,1.237
-0.148,0.117,1.146
-0.077,0.117,1.056
-0.014,0.206,0.964
0.042,0.249,0.964
0.085,0.262,0.871
0.106,0.251,0.774
0.117,0.213,0.701
0.117,0.154,0.659
0.123,0.029,0.64
0.118,0.092,0.641
0.094,0.048,0.641
0.058,0.024,0.662
0.021,-0.007,0.68
-0.005,-0.042,0.697
-0.005,-0.062,0.723
-0.014,-0.058,0.759
-0.008,-0.058,0.804
0.007,-0.04,0.852
0.022,-0.02,0.852
0.036,0,0.892
0.047,0.017,0.925
0.047,0.023,0.953
0.051,0.026,0.98
0.051,0.026,1.01
0.046,0.029,1.037
0.032,0.028,1.037
0.013,0.025,1.064
-0.006,0.025,1.086
-0.006,0.047,1.112
-0.025,0.095,1.153
-0.055,0.095,1.179
-0.106,0.135,1.179
-0.162,0.141,1.179
-0.196,0.113,1.17
-0.212,0.075,1.155
-0.224,0.052,1.152
-0.224,0.044,1.161
-0.237,0.035,1.17
-0.248,0.035,1.173
-0.25,0.015,1.173
-0.239,-0.013,1.172
-0.216,-0.037,1.172
-0.188,-0.053,1.175
-0.188,-0.056,1.176
-0.162,-0.052,1.162
-0.141,-0.052,1.139
-0.129,-0.046,1.114
-0.125,-0.042,1.114
-0.121,-0.039,1.09
-0.116,-0.038,1.068
-0.108,-0.037,1.05
-0.108,-0.038,1.036
-0.099,-0.038,1.02
-0.09,-0.038,1.003
-0.077,-0.04,0.989
-0.065,-0.045,0.989
-0.055,-0.051,0.976
-0.043,-0.057,0.962
-0.043,-0.061,0.951
-0.035,-0.061,0.939
-0.032,-0.061,0.933
-0.028,-0.064,0.927
-0.024,-0.063,0.927
-0.022,-0.062,0.918
-0.021,-0.063,0.914
-0.022,-0.063,0.914
-0.022,-0.066,0.914
-0.02,-0.066,0.912
-0.018,-0.072,0.912
-0.015,-0.08,0.912
-0.017,-0.089,0.914
-0.017,-0.097,0.917
-0.015,-0.106,0.92
-0.015,-0.115,0.919
-0.016,-0.119,0.917
-0.017,-0.119,0.92
-0.02,-0.126,0.92
-0.021,-0.135,0.922
-0.025,-0.142,0.923
-0.032,-0.149,0.924
-0.032,-0.161,0.924
-0.04,-0.17,0.922
-0.047,-0.17,0.918
-0.053,-0.176,0.915
-0.058,-0.184,0.915
-0.06,-0.191,0.912
-0.06,-0.196,0.912
-0.058,-0.202,0.913
-0.058,-0.203,0.912
-0.054,-0.204,0.911
-0.051,-0.204,0.912
-0.042,-0.208,0.912
-0.032,-0.208,0.912
-0.025,-0.211,0.912
-0.018,-0.213,0.915
-0.018,-0.216,0.919
-0.01,-0.22,0.921
-0.005,-0.22,0.923
0,-0.224,0.926
0.004,-0.229,0.926
0.005,-0.234,0.928
0.001,-0.238,0.928
-0.003,-0.238,0.929
-0.003,-0.24,0.932
-0.007,-0.24,0.933
-0.076,0.857,1.795
-0.081,1.487,2.244
-0.116,1.615,2.244
-0.203,1.098,2.306
-0.329,0.427,2.119
-0.451,-0.016,1.902
-0.451,-0.208,1.66
-0.536,-0.285,1.421
-0.555,-0.285,1.227
-0.506,-0.329,1.102
-0.413,-0.336,1.117
-0.3,-0.308,1.092
-0.179,-0.248,1.121
-0.179,-0.166,1.154
-0.058,-0.074,1.161
0.047,-0.074,1.132
0.122,0.019,1.069
0.163,0.103,1.069
0.179,0.163,0.99
0.176,0.208,0.928
0.158,0.238,0.892
0.158,0.244,0.858
0.123,0.244,0.82
0.087,0.228,0.78
0.065,0.187,0.655
0.053,0.142,0.747
0.048,0.103,0.736
0.048,0.065,0.751
0.048,0.047,0.783
0.039,0.047,0.81
0.017,0.055,0.836
0.001,0.075,0.868
-0.002,0.095,0.868
-0.006,0.103,0.898
-0.013,0.102,0.927
-0.013,0.094,0.947
-0.021,0.102,0.968
-0.035,0.102,1
-0.06,0.127,1.017
-0.093,0.141,1.017
-0.117,0.129,1.007
-0.127,0.103,0.996
-0.133,0.081,0.991
-0.133,0.059,0.996
-0.137,0.059,1.008
-0.146,0.032,1.02
-0.155,0.001,1.02
-0.153,-0.03,1.028
-0.14,-0.06,1.033
-0.119,-0.084,1.035
-0.119,-0.099,1.037
-0.097,-0.105,1.04
-0.078,-0.105,1.039
-0.061,-0.103,1.039
-0.047,-0.096,1.037
-0.035,-0.083,1.031
-0.026,-0.069,1.024
-0.026,-0.057,1.015
-0.02,-0.049,1.006
-0.012,-0.049,1.001
-0.002,-0.048,0.996
0.01,-0.053,0.996
0.022,-0.063,0.991
0.032,-0.074,0.987
0.04,-0.086,0.983
0.04,-0.101,0.981
0.047,-0.101,0.978
0.048,-0.113,0.975
0.045,-0.124,0.975
0.042,-0.134,0.972
0.04,-0.141,0.972
0.035,-0.148,0.975
0.035,-0.152,0.976
0.033,-0.15,0.979
0.031,-0.15,0.984
0.029,-0.148,0.984
0.024,-0.145,0.99
0.02,-0.144,0.994
0.018,-0.141,0.997
0.018,-0.139,1.003
0.015,-0.14,1.007
0.011,-0.14,1.011
0.009,-0.14,1.012
0.004,-0.138,1.012
0,-0.138,1.009
-0.006,-0.137,1.008
-0.012,-0.137,1.008
-0.012,-0.138,1.006
-0.017,-0.139,1
-0.022,-0.139,0.996
-0.025,-0.14,0.996
-0.029,-0.144,0.994
-0.031,-0.149,0.99
-0.029,-0.151,0.992
-0.029,-0.153,0.99
-0.028,-0.156,0.982
-0.025,-0.156,0.976
-0.023,-0.157,0.969
-0.023,-0.16,0.969
-0.023,-0.163,0.964
-0.026,-0.16,0.961
-0.028,-0.156,0.959
-0.028,-0.152,0.956
-0.027,-0.152,0.955
-0.027,-0.146,0.955
-0.026,-0.142,0.955
-0.022,-0.142,0.955
-0.018,-0.144,0.954
-0.013,-0.147,0.953
-0.013,-0.153,0.952
-0.008,-0.156,0.951
-0.006,-0.156,0.95
-0.005,-0.157,0.95
-0.005,-0.159,0.952
-0.006,-0.159,0.954
-0.005,-0.159,0.956
-0.005,-0.161,0.956
-0.005,-0.166,0.958
-0.006,-0.166,0.963
-0.179,0.974,1.636
-0.217,0.974,1.693
-0.285,0.735,1.693
-0.371,0.436,1.673
-0.452,0.275,1.663
-0.496,0.243,1.624
-0.496,0.226,1.547
-0.485,0.162,1.464
-0.432,0.037,1.387
-0.364,0.062,1.319
-0.299,-0.016,1.319
-0.235,-0.046,1.257
-0.171,-0.035,1.193
-0.114,0.006,1.121
-0.114,0.061,1.043
-0.064,0.108,0.967
-0.024,0.108,0.89
0.01,0.126,0.821
0.036,0.129,0.821
0.056,0.131,0.775
0.07,0.114,0.736
0.07,0.079,0.697
0.073,0.04,0.661
0.071,0.04,0.635
0.068,0.01,0.633
0.071,-0.005,0.633
0.081,-0.008,0.656
0.092,-0.001,0.693
0.103,0.013,0.743
0.103,0.024,0.798
0.113,0.024,0.842
0.112,0.032,0.883
0.102,0.047,0.883
0.076,0.08,0.932
0.019,0.113,0.969
-0.044,0.125,0.988
-0.044,0.112,0.994
-0.086,0.112,0.992
-0.104,0.089,0.991
-0.108,0.075,0.991
-0.111,0.071,1.002
-0.111,0.069,1.023
-0.101,0.056,1.05
-0.101,0.028,1.078
-0.081,-0.006,1.102
-0.066,-0.006,1.123
-0.058,-0.034,1.134
-0.056,-0.047,1.134
-0.062,-0.049,1.136
-0.075,-0.041,1.135
-0.075,-0.028,1.129
-0.092,-0.017,1.124
-0.105,-0.017,1.118
-0.115,-0.01,1.109
-0.118,-0.005,1.109
-0.117,-0.006,1.1
-0.109,-0.011,1.089
-0.1,-0.016,1.079
-0.1,-0.021,1.071
-0.09,-0.021,1.061
-0.079,-0.027,1.055
-0.069,-0.031,1.055
-0.062,-0.031,1.046
-0.057,-0.03,1.037
-0.052,-0.029,1.027
-0.052,-0.028,1.02
-0.049,-0.026,1.013
-0.043,-0.026,1.006
-0.037,-0.025,1.001
-0.032,-0.026,1.001
-0.026,-0.025,0.995
-0.021,-0.022,0.989
-0.021,-0.023,0.984
-0.02,-0.025,0.978
-0.02,-0.025,0.972
-0.021,-0.028,0.968
-0.024,-0.032,0.968
-0.029,-0.034,0.964
-0.034,-0.036,0.959
-0.037,-0.038,0.956
-0.037,-0.043,0.954
-0.042,-0.043,0.951
-0.046,-0.047,0.95
-0.049,-0.052,0.95
-0.052,-0.061,0.951
-0.056,-0.071,0.947
-0.058,-0.081,0.944
-0.058,-0.089,0.945
-0.059,-0.096,0.943
-0.057,-0.096,0.941
-0.054,-0.104,0.941
-0.049,-0.109,0.939
-0.043,-0.117,0.937
-0.037,-0.121,0.935
-0.037,-0.12,0.934
-0.03,-0.122,0.934
-0.024,-0.123,0.933
-0.018,-0.123,0.929
-0.013,-0.125,0.929
-0.01,-0.127,0.924
-0.008,-0.13,0.922
-0.003,-0.134,0.918
0,-0.14,0.915
0,-0.143,0.913
0.001,-0.143,0.909
0.003,-0.144,0.904
0.004,-0.143,0.904
0.007,-0.144,0.902
0.009,-0.149,0.9
0.009,-0.157,0.899
0.009,-0.167,0.9
0.009,-0.167,0.905
0.008,-0.179,0.91
0.004,-0.193,0.91
0.002,-0.204,0.915
0,-0.215,0.924
-0.005,-0.225,0.93
-0.005,-0.233,0.931
-0.009,-0.233,0.933
-0.157,0.771,1.775
-0.193,0.771,1.88
-0.258,0.647,1.88
-0.346,0.399,1.877
-0.431,0.203,1.858
-0.489,0.122,1.808
-0.489,0.108,1.692
-0.504,0.09,1.546
-0.477,0.09,1.427
-0.415,0.056,1.341
-0.337,0.014,1.341
-0.259,-0.006,1.266
-0.188,0.005,1.19
-0.188,0.032,1.115
-0.128,0.057,1.043
-0.074,0.057,0.974
-0.026,0.077,0.905
0,0.098,0.78
0.014,0.102,0.847
0.027,0.091,0.82
0.045,0.073,0.809
0.045,0.049,0.8
0.063,0.049,0.799
0.075,0.032,0.8
0.079,0.023,0.8
0.078,0.021,0.8
0.07,0.021,0.804
0.054,0.02,0.815
0.054,0.019,0.834
0.029,0.019,0.853
0,0.019,0.873
-0.027,0.017,0.898
-0.049,0.011,0.898
-0.062,0.005,0.924
-0.068,0.002,0.949
-0.068,0.014,0.972
-0.067,0.04,0.996
-0.069,0.04,1.016
-0.084,0.062,1.023
-0.104,0.064,1.023
-0.117,0.047,1.02
-0.121,0.027,1.017
-0.124,0.013,1.02
-0.124,0.005,1.026
-0.131,0.005,1.033
-0.14,0,1.037
-0.144,-0.007,1.037
-0.144,-0.017,1.039
-0.143,-0.022,1.039
-0.149,-0.021,1.034
-0.149,-0.017,1.023
-0.155,-0.012,1.017
-0.156,-0.012,1.012
-0.157,-0.005,1.012
-0.159,0,1.006
-0.158,0.003,1.002
-0.152,0.002,0.998
-0.152,-0.001,0.993
-0.143,-0.005,0.987
-0.135,-0.005,0.978
-0.127,-0.011,0.978
-0.121,-0.017,0.972
-0.113,-0.02,0.966
-0.107,-0.021,0.959
-0.104,-0.021,0.954
-0.104,-0.02,0.951
-0.102,-0.02,0.951
-0.1,-0.02,0.95
-0.099,-0.021,0.95
-0.098,-0.022,0.951
-0.095,-0.026,0.952
-0.091,-0.031,0.952
-0.091,-0.036,0.952
-0.088,-0.036,0.955
-0.087,-0.04,0.957
-0.086,-0.044,0.957
-0.085,-0.049,0.957
-0.087,-0.054,0.958
-0.089,-0.06,0.957
-0.089,-0.067,0.956
-0.089,-0.074,0.958
-0.089,-0.074,0.958
-0.091,-0.082,0.959
-0.092,-0.09,0.959
-0.087,-0.097,0.957
-0.085,-0.106,0.956
-0.083,-0.113,0.959
-0.083,-0.118,0.96
-0.081,-0.122,0.96
-0.081,-0.122,0.961
-0.079,-0.123,0.961
-0.077,-0.124,0.96
-0.077,-0.127,0.959
-0.076,-0.127,0.958
-0.076,-0.128,0.957
-0.074,-0.131,0.957
-0.074,-0.131,0.958
-0.07,-0.136,0.962
-0.067,-0.139,0.962
-0.066,-0.143,0.964
-0.065,-0.15,0.965
-0.066,-0.157,0.967
-0.066,-0.165,0.966
-0.065,-0.165,0.965
-0.064,-0.173,0.966
-0.063,-0.178,0.966
-0.063,-0.184,0.968
-0.063,-0.19,0.972
-0.063,-0.193,0.974
-0.063,-0.198,0.975
-0.061,-0.203,0.974
-0.059,-0.203,0.972
-0.055,-0.207,0.972
-0.053,-0.209,0.972
-0.051,-0.21,0.973
-0.049,-0.211,0.972
-0.051,-0.211,0.971
-0.051,-0.215,0.967
-0.053,-0.215,0.962
-0.195,0.594,1.476
-0.229,0.686,1.601
-0.281,0.622,1.571
-0.353,0.449,1.605
-0.424,0.28,1.627
-0.424,0.167,1.623
-0.482,0.097,1.569
-0.508,0.097,1.479
-0.503,0.043,1.383
-0.471,-0.005,1.383
-0.416,-0.036,1.303
-0.343,-0.038,1.241
-0.263,-0.009,1.191
-0.263,0.041,1.142
-0.185,0.092,1.089
-0.12,0.092,1.028
-0.068,0.129,0.903
-0.035,0.147,0.964
-0.017,0.148,0.904
-0.009,0.136,0.853
-0.009,0.121,0.821
-0.008,0.098,0.802
-0.003,0.098,0.787
0.004,0.065,0.787
0.016,0.035,0.785
0.027,0.012,0.793
0.041,-0.004,0.805
0.059,-0.008,0.83
0.059,-0.004,0.87
0.074,-0.004,0.914
0.079,-0.001,0.952
0.076,0,0.952
0.065,-0.006,0.981
0.047,-0.003,0.99
0.02,0.03,0.993
0.02,0.077,1.005
-0.022,0.077,1.014
-0.066,0.103,1.019
-0.094,0.097,1.019
-0.105,0.074,1.025
-0.118,0.058,1.038
-0.139,0.048,1.058
-0.139,0.032,1.079
-0.159,0.032,1.098
-0.169,0.006,1.112
-0.167,-0.022,1.237
-0.152,-0.046,1.126
-0.132,-0.058,1.141
-0.116,-0.058,1.152
-0.108,-0.049,1.159
-0.108,-0.035,1.159
-0.108,-0.035,1.151
-0.115,-0.023,1.139
-0.124,-0.013,1.139
-0.134,-0.006,1.125
-0.141,-0.001,1.113
-0.143,0.001,1.103
-0.143,-0.001,1.093
-0.143,-0.007,1.083
-0.138,-0.007,1.074
-0.131,-0.012,1.074
-0.121,-0.02,1.065
-0.112,-0.027,1.058
-0.103,-0.031,1.05
-0.103,-0.034,1.042
-0.096,-0.036,1.038
-0.09,-0.036,1.033
-0.086,-0.036,1.029
-0.079,-0.035,1.029
-0.073,-0.034,1.026
-0.07,-0.033,1.016
-0.069,-0.033,1.004
-0.069,-0.031,0.996
-0.069,-0.031,0.987
-0.071,-0.03,0.978
-0.074,-0.031,0.978
-0.075,-0.031,0.972
-0.076,-0.034,0.966
-0.079,-0.037,0.961
-0.079,-0.04,0.956
-0.082,-0.043,0.954
-0.081,-0.043,0.951
-0.081,-0.049,0.951
-0.081,-0.054,0.946
-0.078,-0.063,0.942
-0.076,-0.077,0.941
-0.076,-0.089,0.939
-0.073,-0.102,0.939
-0.07,-0.102,0.939
-0.064,-0.113,0.938
-0.06,-0.124,0.938
-0.056,-0.132,0.936
-0.053,-0.139,0.935
-0.053,-0.146,0.934
-0.051,-0.152,0.932
-0.048,-0.152,0.932
-0.046,-0.158,0.931
-0.046,-0.163,0.926
-0.044,-0.171,0.926
-0.042,-0.178,0.923
-0.043,-0.183,0.92
-0.043,-0.185,0.921
-0.044,-0.189,0.92
-0.044,-0.189,0.919
-0.045,-0.191,0.922
-0.045,-0.189,0.922
-0.046,-0.188,0.924
-0.046,-0.186,0.922
-0.046,-0.183,0.921
-0.046,-0.182,0.922
-0.045,-0.182,0.923
-0.045,-0.18,0.924
-0.045,-0.181,0.924
-0.046,-0.185,0.928
-0.049,-0.191,0.928
-0.055,-0.195,0.926
-0.055,-0.2,0.929
-0.059,-0.209,0.932
-0.063,-0.209,0.937
-0.086,0.737,1.56
-0.161,1.186,1.56
-0.261,1.357,1.814
-0.362,1.098,1.87
-0.447,0.693,1.844
-0.447,0.424,1.802
-0.511,0.341,1.735
-0.553,0.341,1.68
-0.556,0.302,1.617
-0.518,0.179,1.617
-0.457,0.013,1.523
-0.378,-0.104,1.442
-0.285,-0.134,1.411
-0.285,-0.093,1.404
-0.18,-0.013,1.378
-0.073,-0.013,1.323
0.02,0.086,1.323
0.099,0.189,1.263
0.149,0.266,1.174
0.15,0.309,1.04
0.15,0.313,0.908
0.129,0.296,0.812
0.111,0.296,0.743
0.091,0.264,0.694
0.072,0.228,0.694
0.045,0.223,0.687
0.015,0.219,0.711
0.015,0.187,0.727
-0.003,0.156,0.734
-0.008,0.156,0.749
-0.009,0.15,0.772
0.003,0.153,0.772
0.023,0.156,0.805
0.038,0.154,0.844
0.038,0.156,0.89
0.049,0.178,0.955
0.046,0.178,1.025
0.017,0.206,1.06
-0.034,0.206,1.06
-0.077,0.171,1.059
-0.097,0.128,1.047
-0.104,0.099,1.04
-0.104,0.093,1.043
-0.109,0.102,1.053
-0.116,0.102,1.066
-0.12,0.106,1.08
-0.113,0.095,1.08
-0.096,0.075,1.093
-0.078,0.054,1.103
-0.078,0.038,1.109
-0.062,0.03,1.105
-0.049,0.03,1.098
-0.039,0.028,1.086
-0.032,0.028,1.086
-0.031,0.029,1.071
-0.033,0.031,1.06
-0.032,0.031,1.048
-0.032,0.028,1.035
-0.032,0.028,1.021
-0.032,0.022,1.011
-0.03,0.02,1.011
-0.027,0.021,1
-0.025,0.019,0.986
-0.023,0.015,0.973
-0.023,0.012,0.96
-0.021,0.007,0.951
-0.018,0.007,0.942
-0.016,0.002,0.942
-0.014,-0.002,0.935
-0.01,-0.007,0.929
-0.003,-0.012,0.924
-0.003,-0.016,0.921
0.003,-0.02,0.919
0.008,-0.02,0.918
0.016,-0.027,0.921
0.021,-0.032,0.921
0.026,-0.037,0.923
0.033,-0.045,0.923
0.04,-0.055,0.924
0.04,-0.063,0.925
0.046,-0.063,0.926
0.048,-0.07,0.927
0.049,-0.077,0.927
0.051,-0.082,0.927
0.053,-0.089,0.928
0.055,-0.095,0.929
0.055,-0.101,0.927
0.055,-0.101,0.923
0.052,-0.108,0.918
0.047,-0.113,0.913
0.042,-0.118,0.913
0.039,-0.121,0.905
0.037,-0.122,0.902
0.037,-0.123,0.902
0.038,-0.128,0.903
0.039,-0.128,0.901
0.042,-0.132,0.899
0.046,-0.137,0.899
0.047,-0.14,0.896
0.048,-0.142,0.893
0.047,-0.147,0.893
0.047,-0.154,0.891
0.048,-0.154,0.888
0.049,-0.158,0.888
0.047,-0.159,0.888
0.044,-0.166,0.886
0.042,-0.178,0.886
0.043,-0.178,0.889
0.043,-0.178,0.891
0.043,-0.352,0.901
0.083,-0.352,0.917
0.082,-0.425,0.9
0.034,-0.251,0.9
0.021,-0.176,0.878
0.015,-0.166,0.876
0.015,-0.149,0.874
0.015,-0.166,0.902
0.041,-0.166,0.936
0.083,-0.209,0.942
-0.052,1.152,1.545
-0.117,1.09,1.643
-0.209,1.09,1.636
-0.318,0.772,1.636
-0.42,0.503,1.641
-0.507,0.445,1.64
-0.561,0.44,1.599
-0.57,0.339,1.521
-0.57,0.176,1.446
-0.546,0.051,1.389
-0.492,0.018,1.347
-0.408,-0.094,1.347
-0.301,-0.144,1.32
-0.184,-0.12,1.286
-0.07,-0.036,1.235
0.055,0.066,1.162
0.027,0.144,1.062
0.082,0.144,0.963
0.104,0.191,0.871
0.111,0.204,0.871
0.109,0.18,0.782
0.092,0.16,0.733
0.064,0.149,0.713
0.064,0.124,0.699
0.039,0.124,0.696
0.024,0.094,0.698
0.014,0.069,0.698
0.007,0.053,0.713
-0.006,0.05,0.745
-0.017,0.048,0.778
-0.017,0.039,0.796
-0.015,0.035,0.814
-0.004,0.035,0.834
0.013,0.041,0.834
0.026,0.051,0.856
0.035,0.061,0.886
0.042,0.067,0.918
0.042,0.068,0.95
0.047,0.069,0.978
0.047,0.069,1.001
0.044,0.068,1.001
0.036,0.066,1.023
0.018,0.062,1.044
0.001,0.055,1.065
-0.123,0.045,1.089
-0.013,0.033,1.104
-0.03,0.033,1.108
-0.048,0.023,1.107
-0.067,0.033,1.107
-0.091,0.069,1.116
-0.122,0.103,1.125
-0.154,0.107,1.116
-0.154,0.092,1.096
-0.168,0.092,1.076
-0.166,0.074,1.066
-0.158,0.069,1.066
-0.151,0.072,1.061
-0.144,0.072,1.057
-0.13,0.059,1.055
-0.13,0.035,1.054
-0.107,0.009,1.055
-0.081,0.009,1.055
-0.06,-0.01,1.049
-0.043,-0.021,1.049
-0.031,-0.027,1.041
-0.023,-0.028,1.033
-0.023,-0.025,1.019
-0.023,-0.022,1.005
-0.026,-0.022,0.995
-0.031,-0.021,0.986
-0.031,-0.023,0.986
-0.026,-0.027,0.982
-0.022,-0.029,0.98
-0.016,-0.031,0.978
-0.016,-0.032,0.973
-0.008,-0.032,0.968
-0.004,-0.034,0.969
-0.002,-0.034,0.969
0.001,-0.032,0.971
0.003,-0.032,0.971
0.003,-0.031,0.972
0.003,-0.028,0.975
0.003,-0.026,0.979
0.003,-0.026,0.982
0.004,-0.026,0.982
0.004,-0.029,0.984
0.005,-0.032,0.983
0.006,-0.035,0.982
0.006,-0.042,0.981
0.006,-0.053,0.979
0.005,-0.053,0.978
0.002,-0.064,0.978
-0.002,-0.074,0.977
-0.009,-0.084,0.976
-0.015,-0.094,0.973
-0.015,-0.103,0.972
-0.019,-0.109,0.97
-0.024,-0.109,0.963
-0.032,-0.111,0.957
-0.035,-0.112,0.957
-0.034,-0.111,0.952
-0.032,-0.113,0.947
-0.028,-0.115,0.946
-0.028,-0.114,0.946
-0.023,-0.114,0.945
-0.018,-0.114,0.944
-0.014,-0.118,0.94
-0.01,-0.126,0.94
-0.009,-0.134,0.935
-0.009,-0.142,0.929
-0.01,-0.15,0.924
-0.01,-0.153,0.92
-0.014,-0.153,0.919
-0.022,-0.155,0.92
-0.029,-0.156,0.92
-0.036,-0.157,0.92
-0.041,-0.162,0.922
-0.046,-0.167,0.924
-0.046,-0.171,0.926
-0.271,1.265,1.474
-0.385,1.363,1.62
-0.385,0.963,1.644
-0.46,0.589,1.699
-0.502,0.515,1.699
-0.513,0.399,1.574
-0.521,0.481,1.569
-0.539,0.465,1.426
-0.55,0.313,1.36
-0.55,0.136,1.357
-0.554,0.017,1.366
-0.537,0.017,1.35
-0.477,-0.023,1.301
-0.379,0.003,1.301
-0.261,0.064,1.23
-0.145,0.138,1.169
-0.051,0.206,1.108
-0.051,0.235,1.012
0.008,0.227,0.904
0.042,0.227,0.81
0.072,0.197,0.685
0.094,0.158,0.734
0.106,0.124,0.679
0.112,0.095,0.645
0.112,0.074,0.631
0.114,0.064,0.63
0.113,0.064,0.641
0.111,0.06,0.667
0.117,0.05,0.667
0.128,0.047,0.699
0.139,0.061,0.74
0.145,0.088,0.786
0.145,0.119,0.834
0.141,0.119,0.891
0.117,0.159,0.946
0.07,0.193,0.946
0.018,0.194,0.987
-0.025,0.173,1.019
-0.055,0.163,1.062
-0.055,0.178,1.136
-0.08,0.178,1.2
-0.12,0.197,1.22
-0.174,0.189,1.221
-0.213,0.152,1.221
-0.221,0.096,1.209
-0.206,0.046,1.194
-0.206,0.023,1.19
-0.186,0.023,1.196
-0.165,0.023,1.2
-0.152,0.033,1.2
-0.143,0.04,1.2
-0.134,0.04,1.194
-0.125,0.031,1.18
-0.12,0.025,1.16
-0.12,0.028,1.139
-0.114,0.028,1.118
-0.11,0.036,1.106
-0.105,0.042,1.106
-0.102,0.048,1.092
-0.102,0.048,1.067
-0.099,0.041,1.043
-0.099,0.032,1.022
-0.091,0.018,1.003
-0.08,0.018,0.988
-0.067,0.003,0.976
-0.051,-0.007,0.976
-0.034,-0.016,0.964
-0.019,-0.023,0.953
-0.004,-0.03,0.944
-0.004,-0.037,0.935
0.009,-0.037,0.922
0.02,-0.046,0.911
0.029,-0.056,0.911
0.033,-0.062,0.903
0.035,-0.067,0.896
0.037,-0.072,0.892
0.037,-0.077,0.888
0.038,-0.077,0.883
0.039,-0.081,0.882
0.039,-0.085,0.882
0.034,-0.085,0.881
0.03,-0.085,0.884
0.03,-0.09,0.89
0.03,-0.095,0.892
0.03,-0.098,0.895
0.028,-0.098,0.897
0.024,-0.099,0.897
0.02,-0.101,0.897
0.011,-0.103,0.898
0,-0.108,0.898
-0.124,-0.11,0.899
-0.007,-0.109,0.9
-0.016,-0.109,0.903
-0.025,-0.111,0.908
-0.033,-0.115,0.908
-0.036,-0.122,0.917
-0.035,-0.131,0.929
-0.031,-0.141,0.938
-0.031,-0.153,0.946
-0.026,-0.167,0.954
-0.022,-0.167,0.958
-0.02,-0.179,0.961
-0.017,-0.188,0.961
-0.017,-0.194,0.962
-0.02,-0.193,0.962
-0.02,-0.191,0.964
-0.021,-0.189,0.962
-0.02,-0.189,0.961
-0.018,-0.188,0.962
-0.015,-0.189,0.962
-0.011,-0.191,0.961
-0.013,-0.197,0.961
-0.016,-0.204,0.959
-0.016,-0.213,0.957
-0.017,-0.222,0.955
-0.021,-0.222,0.951
-0.028,-0.227,0.951
-0.033,-0.235,0.945
-0.006,-0.401,0.944
-0.164,1.059,1.592
-0.293,1.254,1.855
-0.4,0.945,1.924
-0.4,0.451,1.955
-0.482,0.219,1.987
-0.543,0.219,1.936
-0.565,0.256,1.816
-0.553,0.281,1.816
-0.538,0.198,1.686
-0.517,0.067,1.586
-0.475,-0.039,1.522
-0.475,-0.083,1.467
-0.399,-0.065,1.407
-0.288,-0.065,1.337
-0.151,-0.001,1.212
-0.032,0.076,1.233
0.045,0.136,1.1
0.093,0.173,0.973
0.093,0.191,0.861
0.114,0.189,0.778
0.11,0.189,0.699
0.098,0.146,0.624
0.088,0.091,0.624
0.075,0.064,0.597
0.061,0.047,0.601
0.051,0.022,0.61
0.051,0.003,0.622
0.046,0.003,0.639
0.044,-0.005,0.664
0.05,-0.009,0.664
0.066,-0.011,0.698
0.086,-0.01,0.737
0.104,-0.007,0.776
0.104,-0.006,0.809
0.119,-0.006,0.839
0.126,-0.003,0.882
0.112,0.016,0.882
0.078,0.033,0.929
0.045,0.02,0.955
0.021,0.002,0.972
0.021,0.005,0.993
0,0.005,1.018
-0.022,0.025,1.047
-0.043,0.046,1.047
-0.057,0.061,1.077
-0.062,0.065,1.106
-0.059,0.058,1.134
-0.059,0.044,1.157
-0.049,0.044,1.178
-0.042,0.039,1.22
-0.049,0.062,1.274
-0.087,0.096,1.274
-0.143,0.098,1.295
-0.186,0.065,1.276
-0.203,0.02,1.235
-0.203,-0.011,1.192
-0.195,-0.011,1.161
-0.179,-0.016,1.144
-0.162,-0.006,1.144
-0.139,-0.005,1.136
-0.102,-0.023,1.136
-0.058,-0.056,1.136
-0.058,-0.089,1.137
-0.019,-0.114,1.131
0.013,-0.114,1.118
0.035,-0.127,1.118
0.044,-0.129,1.102
0.044,-0.117,1.081
0.039,-0.096,1.062
0.039,-0.073,1.041
0.029,-0.05,1.015
0.018,-0.05,0.994
0.008,-0.029,0.976
0.002,-0.013,0.976
-0.001,-0.003,0.96
-0.004,0,0.951
-0.006,0.001,0.945
-0.006,0,0.937
-0.005,0,0.931
-0.004,-0.005,0.923
-0.006,-0.01,0.923
-0.006,-0.017,0.917
-0.005,-0.023,0.914
-0.008,-0.029,0.912
-0.008,-0.033,0.912
-0.015,-0.037,0.916
-0.021,-0.037,0.921
-0.022,-0.041,0.921
-0.022,-0.045,0.924
-0.021,-0.052,0.929
-0.021,-0.059,0.937
-0.021,-0.068,0.94
-0.018,-0.079,0.943
-0.015,-0.079,0.948
-0.017,-0.093,0.952
-0.016,-0.109,0.952
-0.017,-0.122,0.952
-0.021,-0.134,0.95
-0.021,-0.143,0.949
-0.029,-0.149,0.945
-0.039,-0.149,0.939
-0.047,-0.151,0.935
-0.057,-0.152,0.931
-0.066,-0.152,0.931
-0.074,-0.148,0.926
-0.08,-0.138,0.922
-0.08,-0.13,0.918
-0.082,-0.123,0.916
-0.082,-0.123,0.914
-0.084,-0.116,0.913
-0.084,-0.112,0.913
-0.082,-0.112,0.912
-0.08,-0.116,0.913
-0.077,-0.122,0.913
-0.077,-0.129,0.913
-0.073,-0.129,0.909
-0.069,-0.138,0.904
-0.065,-0.146,0.904
-0.065,-0.153,0.902
-0.013,0.992,1.546
-0.078,1.157,1.671
-0.138,0.895,1.671
-0.204,0.492,1.725
-0.286,0.318,1.737
-0.363,0.337,1.691
-0.363,0.285,1.631
-0.416,0.161,1.601
-0.45,0.138,1.602
-0.467,-0.011,1.602
-0.458,-0.097,1.602
-0.411,-0.097,1.567
-0.33,-0.022,1.485
-0.33,0.085,1.382
-0.219,0.178,1.281
-0.094,0.178,1.158
0.001,0.239,1.033
0.061,0.276,1.026
0.099,0.285,0.91
0.114,0.263,0.804
0.114,0.232,0.722
0.107,0.19,0.658
0.095,0.19,0.597
0.082,0.135,0.565
0.074,0.09,0.565
0.081,0.051,0.568
0.095,0.017,0.577
0.095,0,0.599
0.112,-0.005,0.634
0.128,-0.005,0.673
0.138,0.002,0.726
0.124,0.04,0.726
0.096,0.077,0.773
0.082,0.076,0.794
0.082,0.061,0.816
0.08,0.061,0.849
0.081,0.061,0.888
0.087,0.077,0.932
0.091,0.095,0.932
0.089,0.107,0.976
0.098,0.115,1.04
0.102,0.139,1.114
0.102,0.178,1.172
0.061,0.178,1.202
-0.017,0.194,1.201
-0.085,0.167,1.201
-0.123,0.108,1.178
-0.137,0.055,1.143
-0.137,0.037,1.129
-0.137,0.047,1.134
-0.132,0.064,1.138
-0.13,0.064,1.135
-0.12,0.065,1.125
-0.099,0.046,1.125
-0.079,0.015,1.107
-0.057,-0.019,1.091
-0.057,-0.04,1.081
-0.037,-0.041,1.071
-0.024,-0.041,1.059
-0.015,-0.031,1.047
-0.006,-0.015,1.047
0.002,0.002,1.033
0.012,0.012,1.018
0.023,0.016,1.004
0.023,0.018,0.989
0.035,0.016,0.977
0.047,0.016,0.967
0.06,0.014,0.967
0.069,0.013,0.957
0.077,0.008,0.946
0.081,0.003,0.936
0.081,-0.002,0.928
0.082,-0.012,0.922
0.081,-0.012,0.916
0.078,-0.02,0.916
0.074,-0.027,0.915
0.069,-0.032,0.914
0.062,-0.037,0.911
0.062,-0.038,0.912
0.057,-0.038,0.915
0.051,-0.039,0.918
0.044,-0.039,0.922
0.041,-0.04,0.922
0.041,-0.044,0.928
0.039,-0.048,0.932
0.039,-0.05,0.938
0.039,-0.051,0.944
0.038,-0.052,0.948
0.036,-0.052,0.951
0.037,-0.054,0.951
0.038,-0.055,0.952
0.04,-0.056,0.954
0.041,-0.055,0.955
0.042,-0.056,0.957
0.042,-0.06,0.959
0.042,-0.06,0.96
0.044,-0.066,0.959
0.045,-0.073,0.959
0.044,-0.082,0.957
0.044,-0.092,0.955
0.042,-0.103,0.951
0.042,-0.114,0.947
0.041,-0.114,0.942
0.043,-0.122,0.935
0.045,-0.133,0.929
0.045,-0.142,0.929
0.044,-0.149,0.922
0.041,-0.152,0.916
0.041,-0.154,0.91
0.035,-0.155,0.907
0.03,-0.155,0.907
0.026,-0.155,0.906
0.021,-0.159,0.906
0.02,-0.163,0.903
0.02,-0.165,0.9
0.022,-0.167,0.9
0.022,-0.17,0.902
0.025,-0.17,0.903
0.028,-0.172,0.903
0.1,1.564,1.518
0.1,1.742,1.86
0.031,1.317,2.12
-0.091,1.317,2.221
-0.228,0.672,2.038
-0.36,0.227,2.038
-0.455,0.046,1.726
-0.525,-0.022,1.485
-0.565,-0.103,1.338
-0.565,-0.199,1.25
-0.54,-0.199,1.217
-0.455,-0.251,1.187
-0.341,-0.263,1.187
-0.21,-0.232,1.138
-0.081,-0.142,1.094
0.026,-0.028,1.047
0.026,0.072,0.992
0.102,0.144,0.936
0.144,0.144,0.88
0.161,0.189,0.833
0.162,0.213,0.833
0.157,0.232,0.807
0.144,0.234,0.791
0.144,0.213,0.758
0.118,0.189,0.729
0.093,0.189,0.716
0.072,0.168,0.718
0.049,0.158,0.718
0.044,0.127,0.716
0.054,0.075,0.705
0.054,0.048,0.714
0.064,0.047,0.743
0.073,0.047,0.779
0.077,0.058,0.819
0.077,0.075,0.819
0.076,0.095,0.861
0.072,0.118,0.911
0.065,0.137,0.963
0.065,0.15,1.008
0.046,0.157,1.043
0.028,0.157,1.087
0.007,0.174,1.087
-0.032,0.198,1.123
-0.077,0.198,1.122
-0.101,0.178,1.114
-0.101,0.183,1.128
-0.11,0.213,1.154
-0.115,0.213,1.157
-0.119,0.212,1.135
-0.115,0.176,1.135
-0.102,0.13,1.125
-0.096,0.098,1.125
-0.096,0.08,1.113
-0.108,0.063,1.093
-0.128,0.063,1.072
-0.145,0.046,1.052
-0.15,0.024,1.052
-0.143,0,1.039
-0.124,-0.018,1.036
-0.096,-0.025,1.037
-0.096,-0.023,1.038
-0.064,-0.023,1.033
-0.032,-0.023,1.024
-0.005,-0.025,1.024
0.017,-0.027,1.01
0.036,-0.036,0.993
0.052,-0.049,0.979
0.052,-0.061,0.971
0.063,-0.067,0.963
0.07,-0.067,0.953
0.075,-0.074,0.943
0.08,-0.081,0.943
0.081,-0.085,0.935
0.082,-0.09,0.93
0.082,-0.095,0.927
0.082,-0.1,0.923
0.079,-0.1,0.922
0.078,-0.104,0.924
0.075,-0.107,0.924
0.071,-0.108,0.925
0.067,-0.106,0.925
0.068,-0.103,0.938
0.068,-0.103,0.953
0.072,-0.103,0.956
0.069,-0.105,0.957
0.064,-0.105,0.957
0.062,-0.105,0.957
0.058,-0.108,0.958
0.048,-0.107,0.961
0.04,-0.1,0.963
0.04,-0.092,0.964
0.03,-0.092,0.968
0.02,-0.085,0.974
0.013,-0.081,0.974
0.006,-0.08,0.978
0,-0.078,0.984
-0.004,-0.079,0.989
-0.004,-0.085,0.992
-0.008,-0.085,0.992
-0.017,-0.09,0.993
-0.024,-0.096,0.993
-0.027,-0.102,0.993
-0.033,-0.102,0.992
-0.038,-0.1,0.991
-0.038,-0.093,0.986
-0.042,-0.089,0.978
-0.045,-0.089,0.973
-0.046,-0.087,0.973
-0.051,-0.087,0.971
-0.057,-0.093,0.964
-0.06,-0.104,0.955
-0.06,-0.118,0.949
-0.063,-0.13,0.944
-0.065,-0.13,0.938
-0.064,-0.142,0.935
-0.067,-0.149,0.935
-0.069,-0.152,0.927
-0.067,-0.158,0.919
-0.067,-0.166,0.909
-0.166,1.384,1.612
-0.335,1.384,1.766
-0.49,1.041,1.89
-0.589,0.628,1.89
-0.637,0.637,1.815
-0.646,0.796,1.624
-0.624,0.735,1.53
-0.624,0.527,1.55
-0.585,0.277,1.592
-0.545,0.32,1.599
-0.505,0.145,1.599
-0.463,0.02,1.555
-0.424,-0.031,1.466
-0.385,-0.021,1.367
-0.385,0.019,1.28
-0.344,0.061,1.216
-0.303,0.061,1.167
-0.259,0.087,1.122
-0.205,0.096,1.122
-0.133,0.086,1.085
-0.062,0.067,1.034
-0.014,0.085,0.957
-0.014,0.078,0.87
0.032,0.078,0.8
0.089,0.031,0.741
0.137,0.008,0.741
0.16,0.001,0.688
0.169,0.008,0.66
0.171,0.028,0.642
0.171,0.057,0.625
0.163,0.057,0.621
0.158,0.08,0.647
0.161,0.096,0.647
0.161,0.12,0.709
0.136,0.156,0.808
0.081,0.179,0.904
0.081,0.175,0.964
0.017,0.175,0.989
-0.045,0.156,0.996
-0.097,0.134,0.997
-0.134,0.119,0.997
-0.157,0.118,1.004
-0.167,0.126,1.019
-0.167,0.129,1.041
-0.169,0.126,1.061
-0.167,0.126,1.08
-0.163,0.112,1.098
-0.156,0.089,1.098
-0.154,0.067,1.111
-0.16,0.049,1.117
-0.167,0.039,1.117
-0.167,0.035,1.117
-0.172,0.035,1.116
-0.177,0.032,1.112
-0.176,0.031,1.112
-0.174,0.026,1.105
-0.172,0.02,1.094
-0.167,0.01,1.081
-0.167,-0.002,1.069
-0.16,-0.014,1.058
-0.153,-0.014,1.049
-0.143,-0.029,1.038
-0.132,-0.041,1.038
-0.122,-0.05,1.025
-0.113,-0.056,1.009
-0.104,-0.062,0.989
-0.104,-0.068,0.975
-0.092,-0.068,0.956
-0.081,-0.071,0.934
-0.073,-0.071,0.934
-0.063,-0.071,0.914
-0.055,-0.072,0.897
-0.044,-0.076,0.886
-0.044,-0.083,0.883
-0.03,-0.092,0.882
-0.016,-0.092,0.88
-0.003,-0.102,0.88
0.005,-0.111,0.88
0.014,-0.118,0.878
0.019,-0.121,0.875
0.019,-0.123,0.874
0.018,-0.123,0.876
0.014,-0.123,0.879
0.008,-0.123,0.882
0.002,-0.122,0.882
-0.004,-0.121,0.886
-0.01,-0.124,0.89
-0.01,-0.127,0.897
-0.01,-0.13,0.903
-0.008,-0.13,0.909
-0.009,-0.135,0.916
-0.009,-0.138,0.916
-0.009,-0.137,0.922
-0.011,-0.137,0.928
-0.016,-0.139,0.935
-0.016,-0.144,0.941
-0.024,-0.154,0.946
-0.031,-0.154,0.948
-0.038,-0.165,0.948
-0.042,-0.175,0.95
-0.043,-0.185,0.952
-0.043,-0.191,0.955
-0.041,-0.192,0.959
-0.041,-0.191,0.966
-0.037,-0.191,0.975
-0.035,-0.191,0.982
-0.032,-0.191,0.982
-0.029,-0.194,0.987
-0.027,-0.196,0.995
-0.026,-0.2,1
-0.026,-0.204,1.001
-0.028,-0.204,1.001
-0.029,-0.21,1
-0.031,-0.218,0.998
-0.029,-0.227,0.998
-0.026,-0.239,0.997
-0.025,-0.249,0.998
-0.025,-0.257,0.999
-0.024,-0.263,0.999
-0.124,1.31,1.545
-0.154,1.435,1.695
-0.221,1.44,1.792
-0.33,1.101,1.792
-0.472,0.58,1.927
-0.598,0.348,1.87
-0.662,0.361,1.662
-0.661,0.249,1.519
-0.661,0.01,1.464
-0.611,0.01,1.438
-0.522,-0.219,1.413
-0.394,-0.368,1.413
-0.25,-0.381,1.382
-0.129,-0.271,1.314
-0.032,-0.142,1.225
-0.032,-0.035,1.139
0.053,0.051,1.049
0.116,0.051,0.961
0.156,0.105,0.961
0.169,0.149,0.881
0.148,0.174,0.798
0.119,0.163,0.71
0.119,0.122,0.626
0.101,0.076,0.566
0.092,0.076,0.545
0.082,0.045,0.561
0.073,0.033,0.561
0.066,0.03,0.616
0.061,0.027,0.684
0.054,0.033,0.745
0.054,0.049,0.8
0.041,0.049,0.844
0.031,0.057,0.883
0.023,0.061,0.883
0.007,0.063,0.916
-0.012,0.056,0.928
-0.022,0.046,0.939
-0.022,0.037,0.965
-0.025,0.037,1.001
-0.022,0.025,1.037
-0.013,0.02,1.037
-0.017,0.02,1.049
-0.028,0.016,1.043
-0.033,0.008,1.04
-0.033,0.004,1.037
-0.034,0.002,1.044
-0.036,0.002,1.062
-0.04,0.003,1.062
-0.043,0.002,1.082
-0.05,0.01,1.109
-0.073,0.03,1.144
-0.073,0.04,1.159
-0.111,0.02,1.146
-0.146,0.02,1.113
-0.158,-0.016,1.077
-0.149,-0.045,1.077
-0.131,-0.055,1.049
-0.112,-0.046,1.028
-0.092,-0.038,1.014
-0.092,-0.041,1.004
-0.07,-0.041,0.994
-0.049,-0.056,0.984
-0.029,-0.075,0.984
-0.01,-0.091,0.976
0.003,-0.101,0.969
0.01,-0.101,0.96
0.01,-0.094,0.948
0.014,-0.082,0.936
0.017,-0.082,0.924
0.02,-0.071,0.924
0.022,-0.061,0.915
0.024,-0.055,0.91
0.03,-0.053,0.906
0.03,-0.057,0.909
0.037,-0.063,0.911
0.039,-0.063,0.913
0.039,-0.07,0.915
0.037,-0.077,0.915
0.036,-0.084,0.915
0.032,-0.093,0.918
0.026,-0.103,0.923
0.026,-0.112,0.927
0.017,-0.117,0.929
0.01,-0.117,0.932
0.007,-0.122,0.932
0.003,-0.128,0.938
0,-0.132,0.942
-0.003,-0.133,0.946
-0.003,-0.135,0.949
-0.009,-0.135,0.95
-0.014,-0.135,0.949
-0.018,-0.13,0.953
-0.017,-0.125,0.953
-0.016,-0.122,0.963
-0.019,-0.119,0.968
-0.024,-0.115,0.961
-0.024,-0.11,0.955
-0.032,-0.11,0.949
-0.04,-0.11,0.946
-0.044,-0.112,0.944
-0.048,-0.112,0.944
-0.051,-0.114,0.944
-0.052,-0.118,0.947
-0.052,-0.125,0.948
-0.052,-0.133,0.947
-0.048,-0.133,0.947
-0.044,-0.137,0.95
-0.041,-0.143,0.95
-0.036,-0.149,0.952
-0.032,-0.157,0.951
-0.028,-0.165,0.95
-0.028,-0.175,0.949
-0.023,-0.186,0.946
-0.023,-0.186,0.943
-0.022,-0.193,0.943
-0.02,-0.201,0.94
-0.021,-0.208,0.939
-0.02,-0.216,0.94
-0.02,-0.223,0.942
-0.434,-0.547,1.097
-0.436,-0.597,1.177
-0.438,-0.567,1.181
-0.438,-0.483,1.101
-0.434,-0.414,0.988
-0.431,-0.289,0.884
-0.435,-0.375,0.804
-0.452,-0.356,0.804
-0.483,-0.347,0.751
-0.514,-0.338,0.709
-0.535,-0.327,0.671
-0.535,-0.313,0.634
-0.538,-0.3,0.624
-0.527,-0.3,0.652
-0.511,-0.295,0.683
-0.493,-0.288,0.683
-0.484,-0.274,0.703
-0.492,-0.251,0.708
-0.617,-0.228,0.69
-0.508,-0.217,0.655
-0.516,-0.217,0.645
-0.517,-0.214,0.656
-0.513,-0.216,0.656
-0.511,-0.217,0.665
-0.516,-0.202,0.682
-0.514,-0.191,0.68
-0.514,-0.194,0.656
-0.502,-0.186,0.647
-0.489,-0.186,0.647
-0.48,-0.176,0.647
-0.474,-0.162,0.661
-0.475,-0.142,0.689
-0.478,-0.131,0.696
-0.478,-0.122,0.686
-0.482,-0.109,0.674
-0.489,-0.109,0.661
-0.495,-0.095,0.642
-0.493,-0.095,0.642
-0.488,-0.102,0.62
-0.489,-0.1,0.617
-0.498,-0.096,0.628
-0.498,-0.092,0.636
-0.507,-0.091,0.649
-0.514,-0.091,0.667
-0.52,-0.094,0.685
-0.523,-0.101,0.685
-0.531,-0.113,0.696
-0.538,-0.136,0.692
-0.538,-0.164,0.679
-0.547,-0.19,0.666
-0.565,-0.19,0.66
-0.589,-0.201,0.655
-0.617,-0.203,0.655
-0.65,-0.206,0.652
-0.669,-0.226,0.633
-0.677,-0.26,0.603
-0.677,-0.284,0.599
-0.689,-0.308,0.592
-0.695,-0.308,0.572
-0.695,-0.327,0.572
-0.693,-0.337,0.563
-0.685,-0.35,0.558
-0.665,-0.364,0.56
-0.665,-0.376,0.58
-0.631,-0.391,0.611
-0.59,-0.391,0.65
-0.544,-0.405,0.69
-0.497,-0.422,0.69
-0.467,-0.445,0.723
-0.455,-0.471,0.747
-0.449,-0.509,0.766
-0.449,-0.553,0.779
-0.445,-0.59,0.792
-0.444,-0.59,0.809
-0.438,-0.621,0.875
-0.379,-0.625,0.875
-0.311,-0.619,0.94
-0.369,-0.656,0.859
-0.494,-0.688,0.708
-0.498,-0.678,0.605
-0.603,-0.678,0.518
-0.702,-0.651,0.448
-0.763,-0.624,0.448
-0.773,-0.61,0.395
-0.786,-0.576,0.343
-0.824,-0.51,0.305
-0.824,-0.418,0.29
-0.915,-0.336,0.303
-1.018,-0.336,0.325
-1.077,-0.289,0.325
-1.105,-0.25,0.346
-1.098,-0.222,0.363
-1.06,-0.202,0.373
-1.06,-0.189,0.385
-1.006,-0.18,0.399
-0.949,-0.18,0.419
-0.895,-0.177,0.44
-0.853,-0.179,0.44
-0.814,-0.172,0.453
-0.78,-0.16,0.453
-0.761,-0.141,0.445
-0.761,-0.125,0.434
-0.754,-0.125,0.442
-0.746,-0.123,0.473
-0.732,-0.111,0.503
-0.725,-0.107,0.503
-0.73,-0.166,0.512
-0.717,-0.33,0.405
-0.717,-0.405,0.368
-0.711,-0.366,0.477
-0.74,-0.366,0.539
-0.784,-0.348,0.617
-0.829,-0.305,0.617
-0.871,-0.269,0.708
-0.91,-0.256,0.772
-0.936,-0.268,0.799
-0.936,-0.302,0.789
-0.954,-0.302,0.766
-0.971,-0.333,0.733
-1,-0.383,0.689
-1.006,-0.409,0.654
-1.006,-0.424,0.637
-1.006,-0.424,0.63
-1.001,-0.429,0.628
-0.994,-0.429,0.626
-0.983,-0.432,0.626
-0.971,-0.438,0.621
-0.957,-0.439,0.617
-0.947,-0.435,0.62
-0.947,-0.431,0.622
-0.936,-0.431,0.628
-0.932,-0.42,0.64
-0.931,-0.404,0.64
-0.932,-0.39,0.644
-0.935,-0.368,0.654
-0.943,-0.343,0.671
-0.943,-0.324,0.678
-0.955,-0.305,0.679
-0.97,-0.305,0.675
-0.984,-0.285,0.675
-0.998,-0.267,0.666
-1.014,-0.255,0.654
-1.027,-0.247,0.645
-1.038,-0.248,0.634
-1.038,-0.25,0.619
-1.05,-0.25,0.607
-1.058,-0.25,0.603
-1.062,-0.245,0.603
-1.06,-0.234,0.607
-1.058,-0.22,0.615
-1.057,-0.202,0.623
-1.057,-0.185,0.634
-1.057,-0.185,0.64
-1.061,-0.178,0.644
-1.067,-0.177,0.644
-1.071,-0.17,0.651
-1.073,-0.162,0.658
-1.075,-0.158,0.665
-1.075,-0.155,0.67
-1.078,-0.159,0.675
-1.082,-0.159,0.675
-1.085,-0.161,0.669
-1.089,-0.162,0.669
-1.091,-0.163,0.657
-1.091,-0.163,0.644
-1.093,-0.161,0.628
-1.093,-0.157,0.611
-1.097,-0.154,0.598
-1.099,-0.154,0.587
-1.101,-0.152,0.587
-1.102,-0.148,0.577
-1.1,-0.146,0.57
-1.097,-0.145,0.565
-1.097,-0.145,0.562
-1.092,-0.148,0.559
-1.088,-0.148,0.558
-1.083,-0.153,0.557
-1.077,-0.16,0.557
-1.072,-0.164,0.553
-1.066,-0.168,0.546
-1.057,-0.175,0.539
-1.057,-0.178,0.537
-1.048,-0.178,0.541
-1.037,-0.171,0.547
-1.023,-0.166,0.547
-1.006,-0.163,0.549
-0.988,-0.163,0.549
-0.969,-0.168,0.54
-0.969,-0.173,0.525
-0.949,-0.17,0.522
-0.926,-0.17,0.524
-0.907,-0.159,0.518
-0.894,-0.154,0.518
-0.88,-0.158,0.503
-0.869,-0.165,0.479
-0.861,-0.171,0.458
-0.861,-0.176,0.44
-0.853,-0.179,0.425
-0.845,-0.179,0.418
-0.838,-0.178,0.418
-0.83,-0.173,0.42
-0.823,-0.169,0.42
-0.82,-0.162,0.417
-0.82,-0.151,0.416
-0.819,-0.142,0.411
-0.822,-0.142,0.407
-0.821,-0.136,0.406
-0.819,-0.134,0.406
-0.817,-0.137,0.411
-0.812,-0.138,0.421
-0.806,-0.136,0.435
-0.806,-0.14,0.448
-0.803,-0.14,0.459
-0.799,-0.146,0.467
-0.798,-0.153,0.467
-0.799,-0.157,0.475
-0.797,-0.16,0.488
-0.793,-0.16,0.507
-0.793,-0.159,0.519
-0.794,-0.168,0.521
-0.802,-0.168,0.512
-0.814,-0.188,0.508
-0.823,-0.202,0.508
-0.824,-0.193,0.525
-0.83,-0.179,0.546
-0.83,-0.18,0.55
-0.844,-0.187,0.549
-0.86,-0.187,0.536
-0.88,-0.193,0.52
-0.896,-0.199,0.52
-0.909,-0.192,0.519
-0.921,-0.186,0.517
-0.932,-0.181,0.516
-0.932,-0.171,0.52
-0.939,-0.171,0.522
-0.943,-0.171,0.523
-0.946,-0.176,0.529
-0.944,-0.18,0.529
-1.263,-0.3,0.497
-0.638,0.14,0.56
-0.734,0.146,0.513
-0.702,0.146,0.468
-0.97,-0.152,0.509
-1.006,-0.205,0.509
-0.824,-0.01,0.551
-0.855,0.02,0.539
-0.952,-0.006,0.522
-0.952,-0.075,0.527
-0.976,-0.075,0.561
-0.893,-0.035,0.549
-0.91,-0.018,0.549
-0.858,-0.022,0.521
-0.923,-0.118,0.502
-0.946,-0.117,0.503
-0.946,0.001,0.508
-0.801,-0.051,0.499
-0.853,-0.051,0.477
-0.817,-0.031,0.436
-1.057,-0.254,0.436
-1.015,-0.231,0.474
-0.612,0.096,0.52
-0.987,-0.203,0.464
-0.941,-0.235,0.45
-0.983,-0.11,0.473
-0.747,-0.036,0.462
-0.929,-0.175,0.454
-0.884,-0.119,0.454
-0.991,-0.269,0.408
-0.995,-0.279,0.435
-0.995,-0.031,0.483
-0.718,-0.179,0.458
-0.871,-0.179,0.454
-0.885,-0.221,0.467
-0.857,-0.216,0.467
-0.893,-0.242,0.469
-0.839,-0.179,0.48
-0.865,-0.194,0.484
-0.865,-0.174,0.499
-0.829,-0.174,0.508
-0.851,-0.194,0.506
-0.865,-0.192,0.506
-0.87,-0.165,0.518
-0.887,-0.172,0.526
-0.867,-0.154,0.543
-0.867,-0.178,0.543
-0.906,-0.169,0.549
-0.921,-0.169,0.583
-0.951,-0.169,0.575
-0.891,-0.147,0.575
-0.857,-0.162,0.528
-0.871,-0.183,0.496
-0.871,-0.154,0.491
-0.859,-0.131,0.511
-0.883,-0.006,0.51
-0.895,-0.121,0.486
-0.897,-0.115,0.486
-0.904,-0.115,0.47
-0.911,-0.114,0.459
-0.935,-0.127,0.437
-0.935,-0.108,0.421
-0.92,-0.124,0.408
-0.93,-0.124,0.401
-0.936,-0.13,0.397
-0.942,-0.134,0.397
-0.927,-0.119,0.407
-0.933,-0.12,0.415
-0.933,-0.118,0.409
-0.93,-0.086,0.422
-0.91,-0.086,0.423
-0.947,-0.114,0.432
-0.932,-0.111,0.432
-0.922,-0.108,0.438
-0.923,-0.105,0.439
-0.905,-0.088,0.442
-0.905,-0.108,0.434
-0.939,-0.077,0.432
-0.92,-0.077,0.433
-0.914,-0.062,0.433
-0.95,-0.068,0.436
-0.926,-0.047,0.441
-0.937,-0.068,0.431
-0.937,-0.058,0.41
-0.935,-0.106,0.4
-0.994,-0.106,0.407
-0.937,-0.05,0.395
-0.915,-0.04,0.395
-0.986,-0.102,0.386
-0.874,-0.004,0.394
-0.999,-0.114,0.376
-0.969,-0.152,0.368
-1,-0.027,0.365
-0.866,-0.044,0.362
-0.918,-0.07,0.35
-0.959,-0.096,0.35
-0.977,-0.136,0.345
-0.961,-0.117,0.354
-0.961,-0.102,0.346
-0.953,-0.131,0.344
-0.969,-0.131,0.344
-0.977,-0.151,0.349
-0.875,-0.048,0.349
-0.969,-0.118,0.345
-0.962,-0.149,0.354
-0.942,-0.148,0.348
-0.942,-0.147,0.342
-0.984,-0.022,0.352
-0.923,-0.079,0.353
-0.973,-0.132,0.353
-0.952,-0.145,0.353
-0.962,-0.142,0.353
-0.874,-0.048,0.362
-0.874,0,0.352
-0.786,-0.355,0.318
-1.202,-0.355,0.374
-1.167,-0.299,0.428
-0.69,0.129,0.428
-0.684,0.128,0.371
-0.713,0.107,0.446
-0.946,-0.093,0.394
-1.004,-0.167,0.38
-1.004,-0.035,0.41
-0.806,-0.13,0.428
-0.954,-0.13,0.439
-0.934,-0.092,0.439
-0.932,-0.107,0.426
-0.965,-0.127,0.414
-0.919,-0.076,0.419
-0.919,-0.101,0.43
-0.934,-0.125,0.432
-0.924,-0.125,0.407
-0.962,-0.185,0.403
-0.916,-0.127,0.403
-0.947,-0.14,0.413
-0.891,-0.124,0.41
-0.914,-0.143,0.401
-0.914,-0.122,0.392
-0.902,-0.122,0.405
-0.89,-0.12,0.407
-0.962,-0.187,0.407
-0.852,-0.081,0.404
-0.851,-0.074,0.406
-1.107,-0.32,0.371
-1.107,-0.264,0.389
-1.082,0.113,0.441
-0.726,0.113,0.415
-0.691,0.128,0.39
-1.135,-0.278,0.39
-1.123,-0.295,0.427
-0.678,0.099,0.463
-0.959,-0.084,0.441
-0.959,-0.289,0.411
-1.097,-0.235,0.437
-0.977,-0.235,0.467
-0.835,-0.055,0.467
-0.856,-0.081,0.455
-0.902,-0.158,0.43
-0.897,-0.168,0.437
-0.897,-0.128,0.458
-0.873,-0.134,0.451
-0.882,-0.134,0.43
-0.959,-0.203,0.399
-0.947,-0.171,0.399
-0.922,-0.105,0.397
-0.943,-0.117,0.42
-0.931,-0.132,0.421
-0.931,-0.094,0.392
-0.87,-0.219,0.378
-0.948,-0.164,0.365
-0.875,-0.115,0.332
-1.111,-0.329,0.332
-1.045,-0.261,0.366
-0.723,0.022,0.395
-0.973,-0.183,0.367
-0.979,-0.158,0.372
-0.922,-0.158,0.379
-0.898,-0.182,0.389
-1.037,-0.242,0.389
-0.825,-0.008,0.399
-0.978,-0.139,0.401
-1.057,-0.257,0.398
-1.057,-0.116,0.392
-0.836,-0.241,0.39
-0.928,-0.173,0.377
-0.955,-0.197,0.377
-0.917,-0.175,0.379
-0.951,-0.204,0.381
-0.878,-0.133,0.386
-0.878,-0.211,0.377
-0.963,-0.188,0.381
-0.942,-0.188,0.393
-0.917,-0.161,0.386
-0.934,-0.157,0.386
-0.918,-0.141,0.391
-0.948,-0.168,0.385
-0.948,-0.147,0.386
-0.954,-0.144,0.385
-0.936,-0.144,0.384
-0.956,-0.166,0.384
-0.921,-0.16,0.386
-0.912,-0.162,0.386
-0.974,-0.205,0.38
-0.913,-0.142,0.375
-0.913,-0.162,0.386
-0.947,-0.163,0.383
-0.939,-0.163,0.386
-0.918,-0.152,0.378
-0.935,-0.172,0.378
-0.932,-0.16,0.372
-0.95,-0.162,0.373
-0.944,-0.158,0.37
-0.944,-0.153,0.372
-0.938,-0.153,0.376
-0.943,-0.156,0.384
-0.936,-0.144,0.384
-0.937,-0.135,0.381
-0.939,-0.127,0.375
-0.944,-0.13,0.372
-0.944,-0.133,0.368
-0.943,-0.135,0.362
-0.944,-0.135,0.359
-0.946,-0.134,0.356
-0.949,-0.132,0.356
-0.952,-0.129,0.35
-0.958,-0.126,0.347
-0.961,-0.126,0.344
-0.961,-0.13,0.338
-0.96,-0.132,0.333
-0.956,-0.132,0.331
-0.956,-0.133,0.331
-0.958,-0.135,0.329
-0.958,-0.135,0.329
-0.956,-0.135,0.329
-0.956,-0.133,0.326
-0.956,-0.132,0.326
-0.957,-0.132,0.329
-0.957,-0.133,0.331
